track_id,genre,corpus,kmeans_cluster,hac_cluster
1maQdXRvqcu58cRPJGPZDC,compas,caribbean,0,0
7fQLUCOYcafUT9ZppkUjCj,compas,caribbean,7,6
5vy8UHH3N8G7gJeKdMZhto,compas,caribbean,1,0
5gdTDWskPEc1QlJ4mukqBd,compas,caribbean,7,3
4hMEtRcqIwQN236DnzSJ9D,compas,caribbean,6,0
28UIO1DJniieh8KdJrWu38,compas,caribbean,2,5
2w8po8PRgHeArH9vFedgu5,compas,caribbean,4,4
4dqYIcB0YWsaWamg7sy8yT,compas,caribbean,2,7
3nAd0WfZ6L6JpSUVkSneD4,compas,caribbean,2,7
2DwGRZehHXB56Vvo8XVZrE,compas,caribbean,0,4
0s25z8PjpKE196nyAvMdwL,compas,caribbean,3,1
4crPoq823VZmAnigUrjLz3,compas,caribbean,2,3
4GXkqACWesUbbksmHyy0ij,compas,caribbean,7,6
11aYR5P0rt3S8xoTQAFnsh,compas,caribbean,2,3
2aFUdYM6WFHBWLskha77u0,compas,caribbean,3,0
66MNPmfZD8UyECxytEDlok,compas,caribbean,2,7
7DtOdp6zc9DV1Z7vAiirrm,compas,caribbean,5,7
7mMolOiriMDBnr5n0xgMRv,compas,caribbean,0,0
2DOhcFKSE5fqVwnmZGrE1x,compas,caribbean,3,1
4ZvUXzOIQUJu7iTPTJ3L3o,compas,caribbean,4,3
1ZB5B5ybM3KwNkQyPBeKgA,compas,caribbean,4,3
6ow8GAPTFe4sqwbsZe7bgd,compas,caribbean,2,4
4SRYGZsbHrmH7E9xMVz4Wm,compas,caribbean,5,5
72Hur8MTRFb0vTIPxZAvPD,compas,caribbean,2,4
2LLC986CtUQiGb8xrxXpBC,compas,caribbean,3,1
7wNcauA9rPbdrzd71yvtPR,compas,caribbean,4,3
70HQUSkmOiDpOmNOlrNhf0,compas,caribbean,1,2
0luMzwvDZz5b6qtG5PkB22,compas,caribbean,0,4
0I03sESN9fvEBT2Yxkpauu,compas,caribbean,5,7
7D3DFAxOY8tfLNbi6O0mwZ,compas,caribbean,0,0
2M7tsbIA4VNtWjXJaIw5c3,compas,caribbean,1,2
1HtbpdUHGB42LmP4DBvD0J,compas,caribbean,4,3
0iMLWtTEhvDDAGkQx9urx7,compas,caribbean,4,3
00eEvIf9gSOahDmGrkRabR,compas,caribbean,1,2
3WlGJxoZLaykhlL03bA9hc,compas,caribbean,1,2
0a9ccbWaagKhxLy6uDmDxz,compas,caribbean,7,6
0jD8tRXfyxA05jXfsLLOHg,compas,caribbean,2,5
4tMDplWclTGxKxrnOGJy8J,compas,caribbean,0,4
14kLFobPERs6WKa2jOalp5,compas,caribbean,7,3
6PtvYwIwjxzdiGp75CpSEq,compas,caribbean,3,0
0xIEnoTzcsczU2dT9lDncp,compas,caribbean,2,7
15eypk00X8pfkLSz0Xiky2,compas,caribbean,4,0
79MRKo4YHKkIGAsplt7TSz,compas,caribbean,0,4
3yTE6IOdcYLlV6TnCzjPA1,compas,caribbean,1,2
0Fk2JzsQIhZvfm5AC0FRKG,compas,caribbean,2,4
2IH54r0aMHxytdDwgrF9AF,compas,caribbean,1,2
0o1aJCYLo904JH0xyA8fgz,compas,caribbean,2,7
1waygSn0gHDRqvPjcm5oje,compas,caribbean,4,3
2QJ9dLiolwZNPl5etYP2MI,compas,caribbean,1,4
4OVW8eMjcitrqvN8OIjlzo,compas,caribbean,0,4
6amsRP2Czn4ZGNnkKlWs16,compas,caribbean,2,7
1kwXET4mLoZywhrCAmoNUO,compas,caribbean,4,3
6vSGww1ki10GWPwP5SbFJR,compas,caribbean,1,2
4569sM0HnxgbZloyPOIB70,compas,caribbean,1,2
3LV4lHJfAiQeprF21jDJec,compas,caribbean,6,2
4blJBuVIajkXrLzWjLch2N,compas,caribbean,2,3
0rePjvOyCeKTNRP46AOZMl,compas,caribbean,0,4
1ClNPMTFEKVSZBgTBVoweW,zouk,caribbean,5,5
5ac0SAEu5Mcac0mJ2UnuDt,zouk,caribbean,7,6
23lOcXkNdlXVphRhkr0mkH,zouk,caribbean,0,4
3sYvtDJULrrECIOu1UvMNa,zouk,caribbean,0,4
45VGMzti1kNFAgfhg5AiW1,zouk,caribbean,5,7
13JNh9ACVCyhyLPs9JvomR,zouk,caribbean,0,0
06Uomvsg4Y0gmpaYJvbrbP,zouk,caribbean,0,3
3bLv5xvPDnSlIebugPc7sQ,zouk,caribbean,4,3
7MB34EgCJIVf0zCKTjYMuh,zouk,caribbean,4,3
3ioD05pNkxSjvm2WC4cNke,zouk,caribbean,5,5
3PNFgsZxkBaczvyBmNYzCP,zouk,caribbean,0,4
6dC3lFaEftWTpMIb1VMTX3,zouk,caribbean,2,7
7IIsViFUZYneEz5md6Azse,zouk,caribbean,7,6
42fPNDvFrHeGvweIgHGOjU,zouk,caribbean,0,0
3dhvMnSxMK3DVuCPZdmnuZ,zouk,caribbean,1,2
7ndQniiplmIsuyYzObW0MD,zouk,caribbean,6,0
31kvbR6SIoNPKi7G16Msxm,zouk,caribbean,4,3
0cmtrrR2jnzH1P4hpSZy3Y,zouk,caribbean,4,0
3ob8O9i80KJIPHQg3PjKTu,zouk,caribbean,2,7
6Ikk3Eu7MbelrWHMnbQhOT,zouk,caribbean,2,7
1F1RvF0vRdY70xSM34S5SZ,zouk,caribbean,5,5
32rDgKWSMTHDYRuzrQmS6e,zouk,caribbean,0,4
3DGGcR9ZQjfJvdcl1Ecr9R,zouk,caribbean,0,4
5R6kK3ZRUlb2dkI0E3psXo,zouk,caribbean,0,4
3wjrkDFAMdwkeKQHxZX6Vy,zouk,caribbean,1,4
5U4Uq8g4I9brQ7a6xPN8lu,zouk,caribbean,4,0
0e24y1WFRcSWfc1kPrALoH,zouk,caribbean,4,3
6dge12ZM3vGyx8HIxF86i1,zouk,caribbean,0,4
6dpWXd2DECUQy1hqvEXiwr,zouk,caribbean,4,4
5Dj4UJTm95qewqlGJOipxs,zouk,caribbean,6,4
0cevjpqTrLinYwcwcpC5e1,zouk,caribbean,7,6
2nuUfJDCL5np43HnWUkMov,zouk,caribbean,0,3
05xLOpipHWbGG0CboVVrXy,zouk,caribbean,0,4
3IpljQE5qogygl6m6lSMvB,zouk,caribbean,0,4
5TwSULBV5HGJxBiOkjd36O,zouk,caribbean,2,7
6v5Z0a4b3DmjIKA4htP8vl,zouk,caribbean,5,5
2c8QOX0nztxqKjK2QtP9Nb,zouk,caribbean,4,4
1Nq9Ux7nfAl0D7YWJ0nDEp,zouk,caribbean,5,5
1HGyhNaRUFEDBiVLbvtbL6,reggae_dancehall,caribbean,2,7
5HuNJ0G9lMtLwlAjsXpltD,reggae_dancehall,caribbean,4,3
3mEuWQDngXevBTZLf48XDx,reggae_dancehall,caribbean,1,2
58dGRQrNmAJeRMFuguUbvD,reggae_dancehall,caribbean,0,3
7nT9lGk3bf5rvnVbzPIE3N,reggae_dancehall,caribbean,1,2
7BGDOMcT0pNbtWjWp5i7I3,reggae_dancehall,caribbean,6,2
6bOLRTULQUiXeVnxOIPZVA,reggae_dancehall,caribbean,0,2
1CdUusyZEdRcqBdWqZHva4,reggae_dancehall,caribbean,1,2
5I55hcZJTmdVtyJC4Sn7ae,reggae_dancehall,caribbean,6,0
4lE3rkBD6Ey1SQSd19XfY7,reggae_dancehall,caribbean,4,3
7yEuDcNgsZYmiNiKmUcHCG,reggae_dancehall,caribbean,1,2
2SE11vmjbi7j5QKJ885ib6,reggae_dancehall,caribbean,1,2
4LH6TQajTVHlPz1283KHAw,reggae_dancehall,caribbean,1,2
5hdTluxmfnbRKwqGsj9NFL,reggae_dancehall,caribbean,4,2
1NojrDCqDLh4dWRZ7F589Q,reggae_dancehall,caribbean,1,2
38iIRniuMTujaBPRDRhVXn,reggae_dancehall,caribbean,1,2
7JqtoUSEBWd7RNmi1dJayz,reggae_dancehall,caribbean,1,2
2u5Jzgg0h3XgXwKSv7W5NK,reggae_dancehall,caribbean,6,0
0k2GOhqsrxDTAbFFSdNJjT,reggae_dancehall,caribbean,4,3
1CAucGxna4pvSWpOzVC8Ci,reggae_dancehall,caribbean,1,7
1nXTM2CVdaoCySSD5kgt3J,reggae_dancehall,caribbean,1,2
5SQaQWvBDEAeug4EPyYEGE,reggae_dancehall,caribbean,1,2
4MAo6tvIRCEjUZLOrC9Z4q,reggae_dancehall,caribbean,4,3
3T1txxCRbUMGJcII9CHJQI,reggae_dancehall,caribbean,4,5
5nEdwtSv0qqeE0l4o1lR4q,reggae_dancehall,caribbean,4,3
0STIV4K7EZkp2YHAyyu5em,reggae_dancehall,caribbean,1,2
4DasYJA811ufSMV72hUxai,reggae_dancehall,caribbean,1,2
1XjUvJv6w3aTu8o6XszTHS,reggae_dancehall,caribbean,2,3
3n9KcMNRaUluDxwKzZAVA8,reggae_dancehall,caribbean,6,0
0VzBKgimNRMauaqzT2rEnS,reggae_dancehall,caribbean,0,3
2lsiLArahNuqCbPEgHtVmC,reggae_dancehall,caribbean,1,2
6Hb1xmZrfC7X5IuophnshK,reggae_dancehall,caribbean,1,3
4ueuseYX7lTW5kKC32GCQN,reggae_dancehall,caribbean,6,0
1j3ANZgokEc0jKztEDV34l,reggae_dancehall,caribbean,1,2
4qA9pcVyLWe6jCC6VzIXgF,reggae_dancehall,caribbean,4,3
6bK9BH9Ts8Gj5JFvnQkzak,reggae_dancehall,caribbean,7,3
55AMcB2JAUr7wmM3Z9Vgqc,reggae_dancehall,caribbean,2,4
2CL1Q0rQcbKavqqzu3zjQ2,reggae_dancehall,caribbean,4,3
2UhjeQUJoQsRE0e2l4yJjD,reggae_dancehall,caribbean,1,2
00q0PKp0UhdiSW0np1PVl1,reggae_dancehall,caribbean,1,2
5lJx5eiSahFfsqkMJVlkDN,reggae_dancehall,caribbean,1,2
0hr9CoeDSUMmQQ7ZgTLRzh,reggae_dancehall,caribbean,1,2
0iuvbEezJcCPASKTrQ1v76,reggae_dancehall,caribbean,0,3
0INtJm8gCJKtNaAYQNVlpZ,reggae_dancehall,caribbean,1,2
1ATZfYmZOcm24vl5oQtPdC,reggae_dancehall,caribbean,1,2
0QCIpQV3twfqo9kh0t8Zza,reggae_dancehall,caribbean,6,0
4x7sFZQYa6MKiUExmH0bZr,reggae_dancehall,caribbean,1,2
1dJ4B430vrgOrTtBXbM04d,reggae_dancehall,caribbean,1,3
4HjJcFdRHa3Ju3GdBCJFSu,reggae_dancehall,caribbean,4,5
1Glu0D4XQZf7Vhl94LeivO,reggae_dancehall,caribbean,6,0
2noJ961fnUdl1OQvwAblTQ,reggae_dancehall,caribbean,1,7
3ApxpM5ghkdjWKhbrQaPLk,reggae_dancehall,caribbean,1,2
18KzwTjTnbBaspORB0tpzM,reggae_dancehall,caribbean,1,2
73QYhs58wfVPnEy2YnpTHR,reggae_dancehall,caribbean,1,2
1UzKoXNMOTLmu7OFoCNokM,reggae_dancehall,caribbean,1,2
4Qmbc7KFWkKvxBz5KjcA6g,reggae_dancehall,caribbean,1,6
1jqLJBQwo7yBCqYQWukLkq,reggae_dancehall,caribbean,2,7
6LGTXFy9KNQeBjUHT9fPFh,reggae_dancehall,caribbean,5,5
6ursmCnbc9oDRGa2yHKkoZ,reggae_dancehall,caribbean,5,5
3GIFozqfhT8qC4SxB2sAJs,reggae_dancehall,caribbean,5,5
0ZBrfWlKjTAihRdr3rOLRc,reggae_dancehall,caribbean,6,0
6B8pYtoS3XHrc821hExWf6,reggae_dancehall,caribbean,6,2
3j8EEMm9kbPLqByuaHmUmQ,reggae_dancehall,caribbean,1,2
5O4erNlJ74PIF6kGol1ZrC,reggae_dancehall,caribbean,2,7
1NyiB5s6uBWUjZffvWjEmo,reggae_dancehall,caribbean,1,2
5QQrjBMZ1AJbRH0gTDH9z6,reggae_dancehall,caribbean,5,5
167MboygMqDnOiMP373hwz,reggae_dancehall,caribbean,4,3
2SuE1yHjesIRoAWzUEqDbB,reggae_dancehall,caribbean,2,7
4Od3CGMwkCtkQmdciGpDhv,reggae_dancehall,caribbean,1,2
24dYJMPdnXXoHEu50MwRVN,reggae_dancehall,caribbean,3,0
3nVveBWPxK3A65Wj6caJ1W,reggae_dancehall,caribbean,1,2
7KhQx2EJaZIPGsbMAjf4jg,reggae_dancehall,caribbean,1,2
0b4oacCFyYkWUC6Nl4BzNe,reggae_dancehall,caribbean,4,3
0cAvGrdeZ3n0yutlRUsAvR,reggae_dancehall,caribbean,1,2
2vACumvzzT2ZngO2p7i3Gu,reggae_dancehall,caribbean,7,3
4qybrP2eR1Ex5X8wkz7DDw,calypso_soca,caribbean,6,0
7EMNrqykT2djkWvTZJV17Q,calypso_soca,caribbean,6,0
1gWrtyC9EphAAACpo2u6Cr,calypso_soca,caribbean,6,0
0xDX2eQsx9F4xHVMNPvVge,calypso_soca,caribbean,0,2
6qWG7dpOSs5dfgJ7d35am5,calypso_soca,caribbean,6,0
6H7ceabcnPzo61tefRMeNz,calypso_soca,caribbean,5,5
5a2Bjc5Mngc8Fde1Oq32D3,calypso_soca,caribbean,4,5
2CuEoTltt7yzIT7ORP75Vy,calypso_soca,caribbean,5,5
7Ku1rqBgaDkdOdIlsGJrvp,calypso_soca,caribbean,5,5
4OFdzr4mlBC7YK8XwJqwIx,calypso_soca,caribbean,5,5
1oYSSsFMMkPsgNNEzFh6M4,calypso_soca,caribbean,5,5
5eCp47PfcZy61mDNdCZz1X,calypso_soca,caribbean,7,6
5cxxeJEzJnK7y60D3IPDoa,calypso_soca,caribbean,2,7
2ObK7AEuXZmOv8h5WKSjj1,calypso_soca,caribbean,5,5
5jTcJHCjliJWvUEllPlHCk,calypso_soca,caribbean,4,0
2HgjzDF1hWD6xBuFQD8YYH,calypso_soca,caribbean,6,0
5XrReM1qnTTG04tLjfKg7c,calypso_soca,caribbean,5,5
3puwX1uY5xFpsJkOv16m9y,calypso_soca,caribbean,5,5
4dwCppS8jnWDzDUSH8hYBG,calypso_soca,caribbean,2,7
75jyBlvlVkSgjXiQDTWUeS,calypso_soca,caribbean,7,6
6ipeMkaYyO0bkdt0hNrjG4,calypso_soca,caribbean,5,4
0PAqVTHh24UnJJYlLxRGSC,calypso_soca,caribbean,5,5
3czX6C45yMlSQo9bFSuQK7,calypso_soca,caribbean,7,6
2g4jtlKn4tSIzHFn4Z3IYg,calypso_soca,caribbean,4,3
09sxvFydn9gjPbBLBck2If,calypso_soca,caribbean,1,2
4LeGXUArvKORbcrykE26q3,calypso_soca,caribbean,7,6
5vInsjdXaM5ikAeRr1s1VK,calypso_soca,caribbean,0,4
0p4MS16waVYStmqhjwUcPS,calypso_soca,caribbean,1,2
5cJLeNdcXyxZzkAIMaXp9C,calypso_soca,caribbean,7,6
2WUPLFsNGENJPqRLsCvSWX,calypso_soca,caribbean,7,6
3xpnKNuV6IZxgMIIJLeLKX,calypso_soca,caribbean,5,5
5g3FsL8VeeCMt3rlFhEqw6,calypso_soca,caribbean,7,6
0rWyZb2HM9SecDZ85kIauC,calypso_soca,caribbean,4,3
22fFQtquJgXlte3RuXYYt7,calypso_soca,caribbean,5,5
6rIE6JA0jPE3OyuNPGrX2C,calypso_soca,caribbean,7,6
23NyOI3LyPTddD5kZRpO9b,calypso_soca,caribbean,0,4
4178A5NkEjcsGc64jpBO6d,calypso_soca,caribbean,7,6
0A9obIXOVkx2HXs7Lhf0Xv,calypso_soca,caribbean,7,6
0S9LmCCnFIhVTsdjfIReIY,calypso_soca,caribbean,4,0
0VQCtoStmIbr3IS5lvDRiG,calypso_soca,caribbean,0,3
4qZ5BoiH3zNl6A18w0GwYk,calypso_soca,caribbean,5,7
3q3odJCJCPaMuCxwgEqvAl,calypso_soca,caribbean,6,0
4Acvzz3ckf8kuJhRYGsQUC,calypso_soca,caribbean,0,5
79CQZYN1jHees6wFoMgvL7,calypso_soca,caribbean,5,3
5jS8q2RrzftgogekkZqM8V,calypso_soca,caribbean,4,3
1x89dD1bENfCHL6MiZurDI,calypso_soca,caribbean,0,4
0xziaVX2PIOfLC1FNNzNT9,calypso_soca,caribbean,5,5
7K8XoQXZBffc4xG2xIQHMO,calypso_soca,caribbean,5,6
2VZlQCR2NlWD7NWEUjIQMA,calypso_soca,caribbean,5,5
2u7tDWQ6LX0Kw1LiK1jaok,calypso_soca,caribbean,7,6
3dPtJVvJC5KYjTqeL7w47T,calypso_soca,caribbean,2,7
0SzkSdNdNm6b3tEWbzd9qM,calypso_soca,caribbean,2,7
2dyrtbI45wYoDCJ3TASuGi,calypso_soca,caribbean,7,6
0lLWVfXgKX8EDdQ04PK56u,calypso_soca,caribbean,3,1
0IWae7Fa5cxYvwZuBB1BQA,calypso_soca,caribbean,1,2
2eD5bmknmcojiCxoKpvVTI,calypso_soca,caribbean,3,0
3iYA7JMaAlwjSHZWZivZVD,calypso_soca,caribbean,3,1
3o2g4rjFVgHsRFSa2qcpgr,calypso_soca,caribbean,4,3
5NiRDAlFxIkFJvqQ7cnxKL,calypso_soca,caribbean,5,5
6e9bF3wNZ2Nl3z50W4jPVG,calypso_soca,caribbean,5,5
0kEsBGQkt9bP8O71Rcz1LI,calypso_soca,caribbean,7,6
6VtkZ454trSSjvLLW9QxiU,calypso_soca,caribbean,0,4
1rRL1mufcX09teyeTfnARC,calypso_soca,caribbean,7,6
53DRjYdQP3nBUrwGzK15Br,calypso_soca,caribbean,7,0
6A5hSpa9QSlGE6eZJOC3yA,calypso_soca,caribbean,5,5
32796ORTwZLzK9fMNYLZwK,calypso_soca,caribbean,0,4
0HSfp7t9CTBjWXDAzMIqt3,calypso_soca,caribbean,5,5
61iRFcNPdE7dg2RmdhrdZe,calypso_soca,caribbean,0,4
77efykPXrKPWQUVN7CTvPa,calypso_soca,caribbean,4,3
5Tw9dq5HdS70xGCpJqQtG0,calypso_soca,caribbean,5,5
0YWDVOZE0phKo6ZWYJG4kn,calypso_soca,caribbean,0,4
1Cy2yw8wrzHpi1UMK8nnL2,calypso_soca,caribbean,4,3
6VjxcmDTB2UvpyEAeJurNg,calypso_soca,caribbean,5,4
37U6SWpjdUNLmdbneCeVSP,calypso_soca,caribbean,7,6
7v3ak3O6tw43jNDAsZxuxR,calypso_soca,caribbean,5,6
52bv7icQDT52KyePr5JDuf,highlife,westafrica,0,3
1M50Q68VqP8RECGfAeoUMR,highlife,westafrica,4,0
3nd1LksVqG40uG6w9hpZcz,highlife,westafrica,4,4
1XE4iQ35cADqpZeAOTmvOS,highlife,westafrica,4,0
06eFoCMzPv11p97V1AScu6,highlife,westafrica,3,0
7wBc1GgjHtROXgq9oXQvwQ,highlife,westafrica,2,4
5TI7ut89bTHEeobd9y55Ni,highlife,westafrica,3,0
3xm3OnerPVFh8X5l7skbLd,highlife,westafrica,3,0
6EvqYkFZr168Rkxyst3ByJ,highlife,westafrica,1,0
7nFKsfZjsCGDKvu5z0UHq7,highlife,westafrica,4,3
1G8h2BbHv7hobEGIrq7O7G,highlife,westafrica,0,4
0pdbYqd4uhdVwawzZkbhic,highlife,westafrica,0,4
4P7wLOCCB1kcjzA9gqKt1V,highlife,westafrica,4,0
4jDUAF9vcKXSuyMV0bKXlW,highlife,westafrica,5,5
68LBPBEmXttBwc5XaKEjZv,highlife,westafrica,6,0
3GN1GkAlZ1hd59ek8ySru7,highlife,westafrica,3,0
4MSbENHi7SSa5UeBerHuSF,highlife,westafrica,5,5
5l55C4GlG6i8qcZbN70WL0,highlife,westafrica,4,2
1N0GdFeRwgEeiDqkX0m4HB,highlife,westafrica,4,3
51RoP2DDdEFjbqcm4mPS92,highlife,westafrica,3,0
0QjROckwixXDGcPPcYspBg,highlife,westafrica,4,5
4Kceskb09PSE3TGFMwvR8z,highlife,westafrica,0,3
7jAOs2vHIb2b1Qiwy7q3am,highlife,westafrica,2,7
5I9ru11ZxYNG9XqixTQKOy,highlife,westafrica,2,3
0nOmu10BmtJNdqY3YJzuj8,highlife,westafrica,6,0
3lGukAlXCWKgZr2m4v4osa,highlife,westafrica,5,5
1YqKOA7wkzMSsTH6VR60xw,highlife,westafrica,2,7
3RQesWsOqRLurh96zbXe2z,highlife,westafrica,6,0
7wktFcp4BjvhHwpI6wbnGQ,highlife,westafrica,0,0
3U9NVmsEdrTutU49F1ykvf,highlife,westafrica,4,0
2jcg6QHuL3XdwK2eIuOK94,juju,westafrica,5,5
5MY2shxqQ4bFBPUeYB5azo,juju,westafrica,2,3
53Df6hdXnMoqxwuWHbYdqu,juju,westafrica,2,7
3p99vSgqqsFFDPaunOUI7o,juju,westafrica,1,2
740vfmatXFtyNO8FzsQpSN,juju,westafrica,0,4
4t1QxIeSmArrQN53MevNxQ,juju,westafrica,0,4
1tb5PhrN4RTkc2fS4i6Ri0,juju,westafrica,5,5
6EiWjlcIm0MOEmQ6xAU3zQ,juju,westafrica,4,0
3dvKQwFDsbdZ2dQuI07BlI,juju,westafrica,2,7
1x9jw0pdfbtYXRrdgYCc8O,juju,westafrica,0,4
1JaQ8nuA4UCtVQCFizttu0,juju,westafrica,4,0
47ZKAaOco4DebMlGRzcvUn,juju,westafrica,2,7
6SyvPeEmj4yBblsKIyiGqT,juju,westafrica,1,2
7LLyEy0GVYBpziR5O06ZZv,juju,westafrica,2,7
1SiBHQQkkySXWZfARVr6Pz,juju,westafrica,2,7
0z9PmOearUomC1PrW2EBkK,juju,westafrica,2,0
6VFE6YpWM90aNqKwzuBBLg,juju,westafrica,2,7
1PSd517DTBVFACNiF0nskz,juju,westafrica,0,4
3ICibjXxX610PI6rcQZvRY,juju,westafrica,3,1
2dViR2V6fHWWRX5no1DBhm,juju,westafrica,1,2
4S0Grq19Sgac84APE6xD1x,juju,westafrica,5,5
6rSWa9ri8DDfYDhdWLaxjL,juju,westafrica,2,4
2jZQ4tNLP0tgzYXbdtwPdi,juju,westafrica,0,4
7srz6fVKgQhnFc2rsZJe7z,juju,westafrica,3,0
2GcHlqRkqpQOQAMrJ6XNcj,juju,westafrica,4,0
7HwvN8toW9TIikL0Jr0AfV,juju,westafrica,0,4
1vdP5l03rrRobswkVke5qP,juju,westafrica,2,0
6IqKmZd43Xw7jHCekXY1bO,juju,westafrica,2,7
2SI1Wz6w8mUV46jIY5EJDW,juju,westafrica,2,3
3TviTbf0afhiIeZKp8Qoam,kora,westafrica,4,2
7E9ktJQOj8tBFRNMkLdUaC,kora,westafrica,3,1
7u1PHaYkLixo6zONYqvrHQ,kora,westafrica,3,1
4oaahUdtJfsBA8HipvnbSm,kora,westafrica,1,2
2Ya1w0wO3IkiTl8GCQuEPT,kora,westafrica,7,6
64YEomh2JG8YhdmNa1RSPq,kora,westafrica,3,1
40sgwuGnpN1XQ3AbE9exPD,kora,westafrica,3,0
4nufrKWttWse1HVSwFNJSW,kora,westafrica,0,3
1pKPiIEuxKINF3uQI52Ihd,kora,westafrica,4,0
6zONDwWrSN3qynCci8v98d,kora,westafrica,3,1
0504BmZ0EdVRO4faj6q0Yc,kora,westafrica,3,1
0nfzcEx8zmGT9kUAKok6yf,kora,westafrica,4,0
37IbDeC2CfODD3OGcAO8Vd,kora,westafrica,3,1
0NpH083VqdlWHUSSsotx1Z,kora,westafrica,7,3
6wAmjWMvgWJc6PDXfz92FA,kora,westafrica,1,2
36tR7kGlYwgi9IWpuUSbp1,kora,westafrica,3,0
4NDFxJrczMb3FBQxanKguk,kora,westafrica,0,4
5LER6USZktM8Uxxy7O71rl,kora,westafrica,3,0
5IRO2Zveo6SikaOasAOtZN,kora,westafrica,3,0
6ZI9EoHXoU3cJets5OdZ1Y,kora,westafrica,1,2
5UkxsKHHVJ96WF7UkRA78E,kora,westafrica,0,4
3JIKbZm4XjwM2BcuK5pSHw,kora,westafrica,3,0
3c3QcTYwyxtClqdYs8cb1H,kora,westafrica,1,2
2aeoejEPxOP3Sbp5soBqR2,kora,westafrica,3,0
4VPOximul51ghex5WKzSIb,kora,westafrica,3,1
51ZaoEpokglsNDI2F0ClDN,kora,westafrica,3,1
63ILYZMqZcwMlv0TdtK7Vd,kora,westafrica,6,0
1ozDI6N4dzkTmiW7XPqKow,kora,westafrica,4,3
3P705vwQA045FNfUFiqjRB,kora,westafrica,1,7
2YRDTr0reanrGZOTsWXdek,kora,westafrica,0,4
5FG7Tl93LdH117jEKYl3Cm,afrobeats,westafrica,0,4
0uNZ77FulqBuacdDEysX6E,afrobeats,westafrica,4,4
0WsC4ETIXyiHDMXRaPMvKe,afrobeats,westafrica,4,3
4kCkgD1ITALBjzBwGsf6tW,afrobeats,westafrica,4,3
3FskQrDXcY24ur2fCvz35O,afrobeats,westafrica,1,2
44G2gUVQvNNZ6w3i05tR4n,afrobeats,westafrica,0,5
6N9GrK3OSdZPgiFnXEnucr,afrobeats,westafrica,4,0
1MZtr7IH5qtjIkqrXj8WOJ,afrobeats,westafrica,0,4
6KFWubocLBhrLs31RpEdR9,afrobeats,westafrica,1,2
2vK93nwA5PNJVQa3OXeg5Y,afrobeats,westafrica,4,0
1lEhZRJ67hhF1EaBEXetYF,afrobeats,westafrica,6,0
5mN3xSyvCmFy1jkdA98IfS,afrobeats,westafrica,0,4
1AtBzcUzKLh4BGwXhFA9K6,afrobeats,westafrica,0,4
0lk5tzmaJWVAv5GBvpm3xu,afrobeats,westafrica,6,0
0VjzaXw81JQJM61pzWwP8b,afrobeats,westafrica,7,3
1AVVencV5yF6KzISmmjUbg,afrobeats,westafrica,6,0
3F5CgOj3wFlRv51JsHbxhe,afrobeats,westafrica,4,3
5fC069mGvqIEewBM1vCZKy,afrobeats,westafrica,0,4
0AzAaHxrFAP9x0LXWDDfkp,afrobeats,westafrica,4,0
5vBSmiYdx3PRYM3VynXWkj,afrobeats,westafrica,7,3
5YbPxJwPfrj7uswNwoF1pJ,afrobeats,westafrica,4,3
2UxfLzrOzdHlwrIzjhsHT2,afrobeats,westafrica,7,4
6bqlNzdVBe9wo5zkh5yjDX,afrobeats,westafrica,5,4
57DarSfRMIVRCeDBGW0l5S,afrobeats,westafrica,4,3
2ZFAAhOIIFuIKFWuE59UtM,afrobeats,westafrica,6,0
5pAbCxt9e3f81lOmjIXwzd,afrobeats,westafrica,6,0
6NcSi0HjkHbnH038uVg8OV,afrobeats,westafrica,2,7
33afUiBRLibqe53ymIdtw3,afrobeats,westafrica,4,0
5qZxyUzCBfJnALNDKneQfH,afrobeats,westafrica,4,3
10FJRxGgHlM7cHQwbFNdX4,afrobeats,westafrica,2,4
