caribbean_genre,westafrica_genre,feature,genre_a_value,genre_b_value,abs_gap,distance_contribution
calypso_soca,afrobeats,mfcc_6_mean,-0.025576115457481164,-0.029258915107084827,0.003682799649603663,1.824575638795821e-06
calypso_soca,afrobeats,chroma_D,0.11085789570175876,0.12741241601996728,0.016554520318208518,3.686709245670423e-05
calypso_soca,afrobeats,chroma_G,0.2421236275407335,0.26485986084204144,0.022736233301307945,6.954128632057182e-05
calypso_soca,afrobeats,log_attack_time_ms,0.04350449374447745,0.10661569403228557,0.06311120028780812,0.0005358195626364396
calypso_soca,afrobeats,chroma_C#,0.17746010486945699,0.10928785663023,0.06817224823922699,0.0006252028069240557
calypso_soca,afrobeats,chroma_F,0.24574094543759978,0.13173801237877217,0.11400293305882761,0.0017483876721518473
calypso_soca,afrobeats,chroma_C,0.07895209084023418,-0.05210514027351733,0.1310572311137515,0.0023106153926709646
calypso_soca,afrobeats,spectral_bandwidth_mean,0.30904290898099923,0.16883975270643567,0.14020315627456356,0.002644364187881951
calypso_soca,afrobeats,dynamic_range_db,-0.16259347449474146,0.016854696846207662,0.17944817134094912,0.004331953236259743
calypso_soca,afrobeats,mfcc_7_mean,0.040059694983309045,-0.15021836686541898,0.19027806184872803,0.004870607395591881
calypso_soca,afrobeats,mfcc_13_mean,0.14206037111537986,-0.05184668550765873,0.1939070566230386,0.005058164088664385
calypso_soca,afrobeats,chroma_G#,0.35185125784786614,0.13642539307995052,0.21542586476791561,0.006243115586405968
calypso_soca,afrobeats,chroma_F#,0.20112119884141771,-0.022075858347939962,0.22319705718935767,0.0067016634474537885
calypso_soca,afrobeats,beat_count,-0.07158311708076681,-0.317567055279368,0.2459839381986012,0.008139902186988597
calypso_soca,afrobeats,mfcc_4_mean,-0.13154076140704715,-0.38397779213386246,0.25243703072681534,0.008572585237689213
calypso_soca,afrobeats,mean_ibi_sec,0.04004005645943388,0.29676278464790784,0.25672272818847397,0.008866134685439023
calypso_soca,afrobeats,spectral_flux_mean,0.13398705064945338,0.403880152133849,0.2698931014843956,0.009799169136548975
calypso_soca,afrobeats,tempo_bpm,-0.07846389247865625,-0.35580467269205024,0.277340780213394,0.010347445594621944
calypso_soca,afrobeats,chroma_A,0.19839798985515536,-0.09929744786093533,0.2976954377160907,0.011922025424304136
calypso_soca,afrobeats,chroma_E,0.2990596774118949,-0.0005843702556538026,0.29964404766754865,0.012078611025933788
calypso_soca,afrobeats,mfcc_5_mean,-0.22636031152959182,0.07985780475394835,0.3062181162835402,0.012614424647355217
calypso_soca,afrobeats,mean_beat_strength,-0.13834119980997012,0.20105507788439517,0.3393962776943653,0.015496008127702177
calypso_soca,afrobeats,key_correlation,-0.330367356589787,0.04257572749429964,0.3729430840840866,0.018710733002806974
calypso_soca,afrobeats,mfcc_10_mean,0.30304770767178607,-0.1043069543471215,0.4073546620189076,0.022322923332916494
calypso_soca,afrobeats,lufs_integrated,0.5664546959315598,0.142545994871743,0.4239087010598168,0.024174101845935058
calypso_soca,afrobeats,mfcc_11_mean,0.3148571791629172,-0.11490364836481463,0.42976082752773187,0.024846163580184537
calypso_soca,afrobeats,mfcc_2_mean,-0.3505481974117888,0.0810161469616423,0.43156434437343105,0.02505513795197912
calypso_soca,afrobeats,chroma_A#,0.2587250471007883,-0.18921019361049524,0.44793524071128354,0.02699206731578546
calypso_soca,afrobeats,spectral_centroid_mean,0.43615330374690775,-0.021428749955665873,0.4575820537025736,0.02816719834666767
calypso_soca,afrobeats,chroma_D#,0.42185321283268884,-0.03701088325849825,0.4588640960911871,0.028325255814968343
calypso_soca,afrobeats,ibi_std_sec,0.19367790094217316,0.6562375407717856,0.46255963982961246,0.028783338027055794
calypso_soca,afrobeats,rms_mean,0.6571390649741754,0.18354047624000971,0.4735985887341657,0.03017355526044917
calypso_soca,afrobeats,chroma_B,0.11477951345313582,-0.3974794807076937,0.5122589941608295,0.03530082624274306
calypso_soca,afrobeats,mfcc_8_mean,0.23548299465183367,-0.2879066131082841,0.5233896077601178,0.03685155990848503
calypso_soca,afrobeats,rms_std,0.19626448755171302,0.7230400431347984,0.5267755555830854,0.03732990745922821
calypso_soca,afrobeats,mfcc_12_mean,0.20685329874106803,-0.4115170300514392,0.6183703287925072,0.05144023821157488
calypso_soca,afrobeats,ssm_mean_affinity,-0.48151488376047363,0.13957186053433399,0.6210867442948076,0.05189317059860366
calypso_soca,afrobeats,onsets_per_second,0.30071663159034906,-0.348272447462646,0.6489890790529951,0.05666050789026769
calypso_soca,afrobeats,textural_grain_mean,0.5731855725953756,-0.10208759523465837,0.675273167830034,0.06134295207332829
calypso_soca,afrobeats,mfcc_1_mean,0.6706585352511949,-0.06578551855669063,0.7364440538078856,0.07296006387897618
calypso_soca,afrobeats,mfcc_3_mean,-0.22515957273178533,0.5722492537145306,0.7974088264463159,0.08553970786336765
calypso_soca,afrobeats,mfcc_9_mean,0.2840962132037515,-0.6608299528066078,0.9449261660103594,0.12011615899703668
calypso_soca,highlife,chroma_C,0.07895209084023418,0.08416446651176225,0.0052123756715280745,2.6968266360087865e-06
calypso_soca,highlife,spectral_flux_mean,0.13398705064945338,0.09102017271373394,0.04296687793571943,0.00018325220413078274
calypso_soca,highlife,onsets_per_second,0.30071663159034906,0.34983423533087005,0.04911760374052099,0.00023947266813143767
calypso_soca,highlife,log_attack_time_ms,0.04350449374447745,0.09454655999296431,0.05104206624848686,0.00025860570685261623
calypso_soca,highlife,chroma_B,0.11477951345313582,0.21707429871437942,0.1022947852612436,0.0010386963388263008
calypso_soca,highlife,chroma_A#,0.2587250471007883,0.14544488267772057,0.11328016442306774,0.0012737651199784645
calypso_soca,highlife,mfcc_6_mean,-0.025576115457481164,0.16066868275755,0.18624479821503118,0.0034431022048358947
calypso_soca,highlife,mfcc_5_mean,-0.22636031152959182,-0.4257407536808909,0.1993804421512991,0.003945905865095873
calypso_soca,highlife,key_correlation,-0.330367356589787,-0.12846801522422818,0.20189934136555882,0.004046237914257658
calypso_soca,highlife,mfcc_8_mean,0.23548299465183367,0.011817919233003979,0.22366507541882968,0.004965671230979481
calypso_soca,highlife,mean_beat_strength,-0.13834119980997012,0.11863470135719138,0.2569759011671615,0.006554905066697833
calypso_soca,highlife,ibi_std_sec,0.19367790094217316,-0.06826897134837213,0.2619468722905453,0.0068109555392655684
calypso_soca,highlife,chroma_A,0.19839798985515536,-0.08230909825360895,0.2807070881087643,0.007821469732881402
calypso_soca,highlife,mean_ibi_sec,0.04004005645943388,0.36840822257162686,0.328368166112193,0.01070295515672262
calypso_soca,highlife,chroma_F,0.24574094543759978,-0.10237430303593052,0.3481152484735303,0.012028949592875782
calypso_soca,highlife,tempo_bpm,-0.07846389247865625,-0.43331721232064496,0.3548533198419887,0.012499117654615626
calypso_soca,highlife,mfcc_4_mean,-0.13154076140704715,0.2237599061737677,0.35530066758081486,0.012530651678135985
calypso_soca,highlife,mfcc_3_mean,-0.22515957273178533,0.13650889858722112,0.3616684713190065,0.012983832729637684
calypso_soca,highlife,mfcc_7_mean,0.040059694983309045,-0.3249956686591269,0.3650553636424359,0.013228149008375413
calypso_soca,highlife,mfcc_13_mean,0.14206037111537986,-0.22504197863738543,0.3671023497527653,0.013376914139271398
calypso_soca,highlife,chroma_C#,0.17746010486945699,-0.19727191496038998,0.37473201982984694,0.013938730419460909
calypso_soca,highlife,chroma_D,0.11085789570175876,-0.27362116895929595,0.3844790646610547,0.014673273233762572
calypso_soca,highlife,beat_count,-0.07158311708076681,-0.47093112432739564,0.39934800724662883,0.015830136295540618
calypso_soca,highlife,mfcc_12_mean,0.20685329874106803,-0.19335289569698627,0.4002061944380543,0.015898246400416958
calypso_soca,highlife,mfcc_11_mean,0.3148571791629172,-0.09534306345795325,0.41020024262087046,0.016702190647317882
calypso_soca,highlife,chroma_G,0.2421236275407335,-0.21520225271242546,0.45732588025315896,0.02076027818830122
calypso_soca,highlife,chroma_F#,0.20112119884141771,-0.28673017374235665,0.48785137258377437,0.023624176207860285
calypso_soca,highlife,spectral_bandwidth_mean,0.30904290898099923,-0.2372578498834123,0.5463007588644115,0.029624103639065688
calypso_soca,highlife,dynamic_range_db,-0.16259347449474146,0.4128545171675496,0.5754479916622911,0.03286955074153756
calypso_soca,highlife,chroma_G#,0.35185125784786614,-0.25365778547946316,0.6055090433273294,0.036393420742165714
calypso_soca,highlife,mfcc_9_mean,0.2840962132037515,-0.3360262729042198,0.6201224861079713,0.038171266496445186
calypso_soca,highlife,rms_std,0.19626448755171302,-0.431772515321777,0.6280370028734901,0.03915183084026979
calypso_soca,highlife,mfcc_2_mean,-0.3505481974117888,0.29496313911321437,0.6455113365250031,0.0413608407722309
calypso_soca,highlife,mfcc_10_mean,0.30304770767178607,-0.35599013919502936,0.6590378468668154,0.043112412138625024
calypso_soca,highlife,chroma_E,0.2990596774118949,-0.3613274743629415,0.6603871517748363,0.043289128361001857
calypso_soca,highlife,spectral_centroid_mean,0.43615330374690775,-0.2530815339426876,0.6892348376895954,0.04715373003252112
calypso_soca,highlife,chroma_D#,0.42185321283268884,-0.30020834700761434,0.7220615598403032,0.051752348330343236
calypso_soca,highlife,ssm_mean_affinity,-0.48151488376047363,0.24636502865107687,0.7278799124115505,0.05258974671201649
calypso_soca,highlife,lufs_integrated,0.5664546959315598,-0.18149557162897703,0.7479502675605368,0.05552992086580512
calypso_soca,highlife,textural_grain_mean,0.5731855725953756,-0.22591499085948802,0.7991005634548636,0.06338470663484555
calypso_soca,highlife,mfcc_1_mean,0.6706585352511949,-0.21449818401903586,0.8851567192702308,0.0777717643791882
calypso_soca,highlife,rms_mean,0.6571390649741754,-0.3389303162697586,0.9960693812439341,0.0984828915430745
calypso_soca,juju,key_correlation,-0.330367356589787,-0.3355058979723472,0.005138541382560202,4.0979789839690236e-06
calypso_soca,juju,tempo_bpm,-0.07846389247865625,-0.054838097176734824,0.023625795301921423,8.662891672866374e-05
calypso_soca,juju,beat_count,-0.07158311708076681,-0.04640610831480257,0.025177008765964244,9.837806411108921e-05
calypso_soca,juju,log_attack_time_ms,0.04350449374447745,0.015575542178756459,0.02792895156572099,0.0001210596114784934
calypso_soca,juju,mean_beat_strength,-0.13834119980997012,-0.10741264316574498,0.03092855664422514,0.00014845995212593824
calypso_soca,juju,chroma_A#,0.2587250471007883,0.3018471501975269,0.043122103096738584,0.0002885957140879206
calypso_soca,juju,chroma_G#,0.35185125784786614,0.2914544629109511,0.06039679493691502,0.0005661321194902084
calypso_soca,juju,mean_ibi_sec,0.04004005645943388,-0.030990155440842646,0.07103021190027653,0.000783026086076537
calypso_soca,juju,mfcc_13_mean,0.14206037111537986,0.06810020621632917,0.07396016489905069,0.0008489571132867115
calypso_soca,juju,chroma_E,0.2990596774118949,0.199363093642214,0.09969658376968088,0.0015425901853007658
calypso_soca,juju,chroma_F#,0.20112119884141771,0.07339397208722778,0.12772722675418993,0.0025319607879467406
calypso_soca,juju,chroma_G,0.2421236275407335,0.0962015763795766,0.1459220511611569,0.003304698637886307
calypso_soca,juju,chroma_D#,0.42185321283268884,0.5685252023320944,0.14667198949940552,0.003338753650275988
calypso_soca,juju,mfcc_8_mean,0.23548299465183367,0.08105892773787199,0.15442406691396168,0.003701007640969939
calypso_soca,juju,spectral_flux_mean,0.13398705064945338,0.2936743888093945,0.15968733815994113,0.003957591579809344
calypso_soca,juju,dynamic_range_db,-0.16259347449474146,0.026003976695466526,0.188597451190208,0.005520286885634298
calypso_soca,juju,chroma_A,0.19839798985515536,0.009565071276021046,0.1888329185791343,0.005534079850201574
calypso_soca,juju,mfcc_12_mean,0.20685329874106803,0.004263959643656619,0.20258933909741142,0.006369761701963185
calypso_soca,juju,mfcc_7_mean,0.040059694983309045,0.25089208844025424,0.21083239345694518,0.006898659156104001
calypso_soca,juju,mfcc_4_mean,-0.13154076140704715,0.10462942321656533,0.2361701846236125,0.008656456445056714
calypso_soca,juju,mfcc_9_mean,0.2840962132037515,0.03390523293392841,0.2501909802698231,0.009714787547599295
calypso_soca,juju,ssm_mean_affinity,-0.48151488376047363,-0.1818105711480119,0.2997043126124617,0.01394042436973147
calypso_soca,juju,chroma_B,0.11477951345313582,0.4330620342785945,0.3182825208254587,0.015722282234107612
calypso_soca,juju,onsets_per_second,0.30071663159034906,0.6510167320858846,0.35030010049553556,0.01904454204444872
calypso_soca,juju,mfcc_3_mean,-0.22515957273178533,0.12857948431550958,0.3537390570472949,0.01942030461100085
calypso_soca,juju,chroma_D,0.11085789570175876,0.48403952645031406,0.3731816307485553,0.021613770034188684
calypso_soca,juju,chroma_C#,0.17746010486945699,0.5589636795477667,0.38150357467830975,0.022588491727281276
calypso_soca,juju,mfcc_6_mean,-0.025576115457481164,0.36775713212562666,0.39333324758310784,0.024011059604498043
calypso_soca,juju,chroma_F,0.24574094543759978,-0.15297498711414953,0.3987159325517493,0.024672729112714443
calypso_soca,juju,rms_std,0.19626448755171302,-0.2201816665218341,0.4164461540735471,0.026915826575210775
calypso_soca,juju,chroma_C,0.07895209084023418,0.500284678965359,0.4213325881251248,0.027551174167122397
calypso_soca,juju,mfcc_5_mean,-0.22636031152959182,0.22136970442895415,0.447730015958546,0.03111160607000868
calypso_soca,juju,ibi_std_sec,0.19367790094217316,-0.2593614006222593,0.4530393015644325,0.03185383808475032
calypso_soca,juju,mfcc_10_mean,0.30304770767178607,-0.17217182445784687,0.47521953212963297,0.03504923754297125
calypso_soca,juju,spectral_bandwidth_mean,0.30904290898099923,-0.19737554805765428,0.5064184570386535,0.03980238180802013
calypso_soca,juju,mfcc_11_mean,0.3148571791629172,-0.21504045814579728,0.5298976373087145,0.04357867045792738
calypso_soca,juju,mfcc_2_mean,-0.3505481974117888,0.25934578394872626,0.6098939813605151,0.05772962085649048
calypso_soca,juju,spectral_centroid_mean,0.43615330374690775,-0.2256489352487571,0.6618022389956648,0.06797457082896474
calypso_soca,juju,textural_grain_mean,0.5731855725953756,-0.17419983642426914,0.7473854090196448,0.08669204345466149
calypso_soca,juju,lufs_integrated,0.5664546959315598,-0.18666117512263425,0.7531158710541941,0.08802653559366157
calypso_soca,juju,rms_mean,0.6571390649741754,-0.19860051218823846,0.8557395771624139,0.11365099607030632
calypso_soca,juju,mfcc_1_mean,0.6706585352511949,-0.22691270272341704,0.8975712379746119,0.12503392512681563
calypso_soca,kora,mean_ibi_sec,0.04004005645943388,0.05264185892908912,0.01260180246965524,5.384675265007604e-06
calypso_soca,kora,mfcc_7_mean,0.040059694983309045,0.026893205449335076,0.01316648953397397,5.8780622100927014e-06
calypso_soca,kora,ibi_std_sec,0.19367790094217316,0.1723498791191994,0.021328021822973747,1.5423940260527063e-05
calypso_soca,kora,beat_count,-0.07158311708076681,0.00720391446939642,0.07878703155016323,0.00021047652139592404
calypso_soca,kora,tempo_bpm,-0.07846389247865625,0.007134238680349206,0.08559813115900546,0.0002484407018543215
calypso_soca,kora,dynamic_range_db,-0.16259347449474146,-0.02415334246450621,0.13844013203023525,0.0006498575833577272
calypso_soca,kora,onsets_per_second,0.30071663159034906,0.0951503640837241,0.20556626750662496,0.0014328406116039308
calypso_soca,kora,mfcc_6_mean,-0.025576115457481164,-0.27076257923985586,0.2451864637823747,0.0020383894442062007
calypso_soca,kora,log_attack_time_ms,0.04350449374447745,-0.2620114310591127,0.30551592480359013,0.0031649138036153224
calypso_soca,kora,mean_beat_strength,-0.13834119980997012,-0.5353267661861217,0.3969855663761516,0.0053437190347703865
calypso_soca,kora,mfcc_13_mean,0.14206037111537986,-0.2622500074537207,0.40431037856910057,0.005542733030984599
calypso_soca,kora,mfcc_8_mean,0.23548299465183367,-0.18104238008799664,0.4165253747398303,0.005882705525281541
calypso_soca,kora,mfcc_9_mean,0.2840962132037515,-0.13969127466463377,0.42378748786838527,0.006089623492362894
calypso_soca,kora,mfcc_5_mean,-0.22636031152959182,0.21577865167742002,0.44213896320701185,0.006628446550027656
calypso_soca,kora,mfcc_4_mean,-0.13154076140704715,0.33245582494431647,0.46399658635136365,0.007300014999196355
calypso_soca,kora,chroma_B,0.11477951345313582,-0.3659588583142934,0.48073837176742923,0.00783631270439686
calypso_soca,kora,ssm_mean_affinity,-0.48151488376047363,0.05885897867179365,0.5403738624322673,0.009901086396322697
calypso_soca,kora,mfcc_3_mean,-0.22515957273178533,0.400698528691177,0.6258581014229623,0.013281463657729286
calypso_soca,kora,chroma_F,0.24574094543759978,-0.3846876865022379,0.6304286319398377,0.0134761563129904
calypso_soca,kora,chroma_C,0.07895209084023418,-0.5591049731665926,0.6380570640068267,0.013804262967730047
calypso_soca,kora,chroma_F#,0.20112119884141771,-0.509970769665573,0.7110919685069907,0.0171453252651748
calypso_soca,kora,mfcc_12_mean,0.20685329874106803,-0.5071262073296298,0.7139795060706978,0.017284852334154922
calypso_soca,kora,rms_std,0.19626448755171302,-0.5286683489452465,0.7249328364969595,0.017819262497069475
calypso_soca,kora,chroma_D,0.11085789570175876,-0.632593981021658,0.7434518767234167,0.018741308333764282
calypso_soca,kora,chroma_A,0.19839798985515536,-0.5816046197659301,0.7800026096210855,0.020629385566262967
calypso_soca,kora,chroma_E,0.2990596774118949,-0.49218340598468313,0.791243083396578,0.021228242246611906
calypso_soca,kora,spectral_flux_mean,0.13398705064945338,-0.7127413935341299,0.8467284441835833,0.024309861254001388
calypso_soca,kora,key_correlation,-0.330367356589787,0.5273505261757346,0.8577178827655216,0.024944977201138037
calypso_soca,kora,mfcc_11_mean,0.3148571791629172,-0.5449653544683278,0.8598225336312451,0.025067546361029317
calypso_soca,kora,mfcc_10_mean,0.30304770767178607,-0.5883374049376376,0.8913851126094237,0.02694169619410901
calypso_soca,kora,chroma_C#,0.17746010486945699,-0.7165007491547846,0.8939608540242415,0.027097622298692427
calypso_soca,kora,chroma_G,0.2421236275407335,-0.7728501778466509,1.0149738053873845,0.03493042338587513
calypso_soca,kora,chroma_A#,0.2587250471007883,-0.845964675340927,1.1046897224417154,0.04137850624315907
calypso_soca,kora,chroma_D#,0.42185321283268884,-0.7695657495009868,1.1914189623336755,0.0481308129842107
calypso_soca,kora,rms_mean,0.6571390649741754,-0.5425974981938769,1.1997365631680523,0.048805185839004034
calypso_soca,kora,chroma_G#,0.35185125784786614,-0.8627386732269215,1.2145899310747876,0.05002113416778421
calypso_soca,kora,lufs_integrated,0.5664546959315598,-0.6808646530243497,1.2473193489559096,0.0527532839717972
calypso_soca,kora,spectral_bandwidth_mean,0.30904290898099923,-1.0036291186405415,1.3126720276215407,0.058426065745884194
calypso_soca,kora,textural_grain_mean,0.5731855725953756,-0.8564844487983517,1.4296700213937275,0.06930519706819156
calypso_soca,kora,mfcc_2_mean,-0.3505481974117888,1.1694093693519783,1.519957566763767,0.07833522750798919
calypso_soca,kora,spectral_centroid_mean,0.43615330374690775,-1.1630688829810814,1.5992221867279892,0.08671850740669572
calypso_soca,kora,mfcc_1_mean,0.6706585352511949,-0.9323299447630105,1.6029884800142054,0.08712744611183872
compas,afrobeats,chroma_D,0.1291112462632153,0.12741241601996728,0.0016988302432480173,4.894576362016077e-07
compas,afrobeats,chroma_C#,0.12659792035094988,0.10928785663023,0.017310063720719887,5.081740382246919e-05
compas,afrobeats,mfcc_2_mean,0.05054738663455127,0.0810161469616423,0.030468760327091032,0.0001574434906647861
compas,afrobeats,key_correlation,0.09224239187451629,0.04257572749429964,0.04966666438021665,0.000418355158253721
compas,afrobeats,spectral_centroid_mean,-0.07567432736093846,-0.021428749955665873,0.05424557740527258,0.0004990497166763272
compas,afrobeats,chroma_G#,0.08173458419330662,0.13642539307995052,0.054690808886643905,0.0005072754375813023
compas,afrobeats,chroma_F,0.07542312716389014,0.13173801237877217,0.056314885214882024,0.0005378504634965438
compas,afrobeats,chroma_A,-0.04232161823982537,-0.09929744786093533,0.05697582962110996,0.0005505496057820568
compas,afrobeats,chroma_A#,-0.13022342256386354,-0.18921019361049524,0.05898677104663169,0.0005900983327029061
compas,afrobeats,mfcc_7_mean,-0.21120832752131463,-0.15021836686541898,0.06098996065589565,0.0006308583375193935
compas,afrobeats,chroma_C,0.022157307396656917,-0.05210514027351733,0.07426244767017424,0.0009353058688209309
compas,afrobeats,mfcc_1_mean,0.021663368843999515,-0.06578551855669063,0.08744888740069014,0.00129695144544124
compas,afrobeats,dynamic_range_db,-0.11846672532533066,0.016854696846207662,0.1353214221715383,0.0031056195183303873
compas,afrobeats,chroma_D#,0.10042044152718141,-0.03701088325849825,0.13743132478567965,0.0032032188141241876
compas,afrobeats,ssm_mean_affinity,0.2901347049041343,0.13957186053433399,0.1505628443698003,0.003844596463153482
compas,afrobeats,textural_grain_mean,-0.25923814161195674,-0.10208759523465837,0.15715054637729836,0.004188388238222971
compas,afrobeats,mfcc_5_mean,-0.08314689942640055,0.07985780475394835,0.1630047041803489,0.00450625139662282
compas,afrobeats,mfcc_6_mean,0.13850002545284942,-0.029258915107084827,0.16775894055993426,0.004772945663975204
compas,afrobeats,mfcc_8_mean,-0.08358314242334093,-0.2879066131082841,0.20432347068494316,0.007080299920834477
compas,afrobeats,mfcc_10_mean,0.11282179773693878,-0.1043069543471215,0.2171287520840603,0.007995577061912519
compas,afrobeats,spectral_bandwidth_mean,-0.052448097820860046,0.16883975270643567,0.22128785052729572,0.008304821098130924
compas,afrobeats,chroma_F#,0.2085119277646931,-0.022075858347939962,0.23058778611263306,0.009017532994116237
compas,afrobeats,mfcc_11_mean,0.11734633817133486,-0.11490364836481463,0.23224998653614948,0.00914800799975513
compas,afrobeats,mfcc_13_mean,-0.28859169031447274,-0.05184668550765873,0.236745004806814,0.009505539907901577
compas,afrobeats,chroma_E,0.24621070904576597,-0.0005843702556538026,0.24679507930141978,0.010329710100140745
compas,afrobeats,onsets_per_second,-0.05816262419991967,-0.348272447462646,0.29010982326272633,0.014273813226534482
compas,afrobeats,lufs_integrated,-0.1828175356285455,0.142545994871743,0.3253635305002885,0.017953655377325517
compas,afrobeats,chroma_G,-0.0788509359558697,0.26485986084204144,0.34371079679791117,0.020035560200551653
compas,afrobeats,mfcc_12_mean,-0.06713576250360406,-0.4115170300514392,0.34438126754783516,0.02011380248569395
compas,afrobeats,log_attack_time_ms,-0.25259391511639,0.10661569403228557,0.3592096091486756,0.021883210224853518
compas,afrobeats,rms_mean,-0.17816748691403156,0.18354047624000971,0.3617079631540413,0.02218867049269245
compas,afrobeats,mfcc_9_mean,-0.29898523958791673,-0.6608299528066078,0.3618447132186911,0.02220545129941608
compas,afrobeats,chroma_B,-0.00637559244651285,-0.3974794807076937,0.3911038882611808,0.025941758258539026
compas,afrobeats,mean_ibi_sec,-0.1708782417770171,0.29676278464790784,0.46764102642492494,0.0370885923786979
compas,afrobeats,beat_count,0.18652433782483022,-0.317567055279368,0.5040913931041983,0.043095676786841786
compas,afrobeats,tempo_bpm,0.17392899511843926,-0.35580467269205024,0.5297336678104895,0.04759159854738745
compas,afrobeats,mfcc_4_mean,0.16431151990759246,-0.38397779213386246,0.5482893120414549,0.050984093393544115
compas,afrobeats,mfcc_3_mean,-0.11542813535967944,0.5722492537145306,0.68767738907421,0.08020189513117547
compas,afrobeats,mean_beat_strength,-0.5068735742908959,0.20105507788439517,0.707928652175291,0.08499514531348902
compas,afrobeats,ibi_std_sec,-0.0763829692058599,0.6562375407717856,0.7326205099776455,0.09102764061306001
compas,afrobeats,rms_std,-0.11594449058824247,0.7230400431347984,0.8389845337230408,0.11937765691479225
compas,afrobeats,spectral_flux_mean,-0.6541888728919419,0.403880152133849,1.058069025025791,0.1898642254597868
compas,highlife,lufs_integrated,-0.1828175356285455,-0.18149557162897703,0.0013219639995684651,3.6442071601152095e-07
compas,highlife,ibi_std_sec,-0.0763829692058599,-0.06826897134837213,0.00811399785748776,1.3728831593650008e-05
compas,highlife,mfcc_6_mean,0.13850002545284942,0.16066868275755,0.02216865730470058,0.00010248081724841751
compas,highlife,textural_grain_mean,-0.25923814161195674,-0.22591499085948802,0.03332315075246872,0.00023155593457090465
compas,highlife,mfcc_9_mean,-0.29898523958791673,-0.3360262729042198,0.037041033316303096,0.00028610799066830826
compas,highlife,chroma_A,-0.04232161823982537,-0.08230909825360895,0.03998748001378358,0.000333435527835505
compas,highlife,ssm_mean_affinity,0.2901347049041343,0.24636502865107687,0.043769676253057416,0.0003994941912932528
compas,highlife,mfcc_4_mean,0.16431151990759246,0.2237599061737677,0.05944838626617524,0.0007369600412958795
compas,highlife,chroma_C,0.022157307396656917,0.08416446651176225,0.062007159115105334,0.0008017656930366472
compas,highlife,mfcc_13_mean,-0.28859169031447274,-0.22504197863738543,0.06354971167708731,0.0008421529404726863
compas,highlife,mfcc_8_mean,-0.08358314242334093,0.011817919233003979,0.0954010616563449,0.0018978864089852115
compas,highlife,mfcc_7_mean,-0.21120832752131463,-0.3249956686591269,0.11378734113781225,0.0026999249931876504
compas,highlife,mfcc_12_mean,-0.06713576250360406,-0.19335289569698627,0.1262171331933822,0.003322006085830442
compas,highlife,chroma_G,-0.0788509359558697,-0.21520225271242546,0.13635131675655576,0.003876881020904275
compas,highlife,rms_mean,-0.17816748691403156,-0.3389303162697586,0.16076282935572705,0.005389333786523958
compas,highlife,spectral_centroid_mean,-0.07567432736093846,-0.2530815339426876,0.17740720658174916,0.006563059108130882
compas,highlife,chroma_F,0.07542312716389014,-0.10237430303593052,0.17779743019982067,0.006591962976981824
compas,highlife,spectral_bandwidth_mean,-0.052448097820860046,-0.2372578498834123,0.18480975206255226,0.007122190227605777
compas,highlife,mfcc_11_mean,0.11734633817133486,-0.09534306345795325,0.21268940162928812,0.009433123041150305
compas,highlife,key_correlation,0.09224239187451629,-0.12846801522422818,0.22071040709874445,0.010158028429822212
compas,highlife,chroma_B,-0.00637559244651285,0.21707429871437942,0.22344989116089226,0.010411758719065793
compas,highlife,mfcc_1_mean,0.021663368843999515,-0.21449818401903586,0.2361615528630354,0.011630066339037487
compas,highlife,mfcc_2_mean,0.05054738663455127,0.29496313911321437,0.2444157524786631,0.012457250149215674
compas,highlife,mfcc_3_mean,-0.11542813535967944,0.13650889858722112,0.2519370339469006,0.01323572772324083
compas,highlife,chroma_A#,-0.13022342256386354,0.14544488267772057,0.27566830524158414,0.0158466502562513
compas,highlife,rms_std,-0.11594449058824247,-0.431772515321777,0.31582802473353455,0.020800085905165633
compas,highlife,chroma_C#,0.12659792035094988,-0.19727191496038998,0.32386983531133984,0.02187282111989642
compas,highlife,chroma_G#,0.08173458419330662,-0.25365778547946316,0.33539236967276975,0.02345687515067038
compas,highlife,mfcc_5_mean,-0.08314689942640055,-0.4257407536808909,0.3425938542544904,0.02447501328687361
compas,highlife,log_attack_time_ms,-0.25259391511639,0.09454655999296431,0.3471404751093543,0.025128947985471432
compas,highlife,chroma_D#,0.10042044152718141,-0.30020834700761434,0.4006287885347958,0.033469413948205504
compas,highlife,chroma_D,0.1291112462632153,-0.27362116895929595,0.40273241522251124,0.033821819974956764
compas,highlife,onsets_per_second,-0.05816262419991967,0.34983423533087005,0.40799685953078973,0.03471182445212592
compas,highlife,mfcc_10_mean,0.11282179773693878,-0.35599013919502936,0.46881193693196815,0.04583118883449963
compas,highlife,chroma_F#,0.2085119277646931,-0.28673017374235665,0.4952421015070497,0.05114449749896788
compas,highlife,dynamic_range_db,-0.11846672532533066,0.4128545171675496,0.5313212424928803,0.05886784795290762
compas,highlife,mean_ibi_sec,-0.1708782417770171,0.36840822257162686,0.5392864643486439,0.06064609477988907
compas,highlife,tempo_bpm,0.17392899511843926,-0.43331721232064496,0.6072462074390842,0.07689417160075382
compas,highlife,chroma_E,0.24621070904576597,-0.3613274743629415,0.6075381834087075,0.07696813385045972
compas,highlife,mean_beat_strength,-0.5068735742908959,0.11863470135719138,0.6255082756480872,0.08158868249750414
compas,highlife,beat_count,0.18652433782483022,-0.47093112432739564,0.6574554621522258,0.09013562532649455
compas,highlife,spectral_flux_mean,-0.6541888728919419,0.09102017271373394,0.7452090456056759,0.11580306018049277
compas,juju,lufs_integrated,-0.1828175356285455,-0.18666117512263425,0.003843639494088752,3.2392927057169763e-06
compas,juju,rms_mean,-0.17816748691403156,-0.19860051218823846,0.0204330252742069,9.154407549267485e-05
compas,juju,chroma_E,0.24621070904576597,0.199363093642214,0.04684761540355198,0.00048121579977060175
compas,juju,chroma_A,-0.04232161823982537,0.009565071276021046,0.05188668951584642,0.0005903054922794714
compas,juju,mfcc_4_mean,0.16431151990759246,0.10462942321656533,0.05968209669102713,0.000781003612228731
compas,juju,mfcc_12_mean,-0.06713576250360406,0.004263959643656619,0.07139972214726067,0.0011177841372013485
compas,juju,textural_grain_mean,-0.25923814161195674,-0.17419983642426914,0.0850383051876876,0.001585601656755298
compas,juju,rms_std,-0.11594449058824247,-0.2201816665218341,0.10423717593359164,0.002382375268434745
compas,juju,chroma_F#,0.2085119277646931,0.07339397208722778,0.13511795567746532,0.00400305014339509
compas,juju,mean_ibi_sec,-0.1708782417770171,-0.030990155440842646,0.13988808633617444,0.004290682281265281
compas,juju,dynamic_range_db,-0.11846672532533066,0.026003976695466526,0.14447070202079718,0.004576405142783339
compas,juju,spectral_bandwidth_mean,-0.052448097820860046,-0.19737554805765428,0.14492745023679424,0.0046053877540834535
compas,juju,spectral_centroid_mean,-0.07567432736093846,-0.2256489352487571,0.14997460788781863,0.0049317422294126384
compas,juju,mfcc_8_mean,-0.08358314242334093,0.08105892773787199,0.1646420701612129,0.005943558408750019
compas,juju,chroma_G,-0.0788509359558697,0.0962015763795766,0.1750525123354463,0.006718952872021223
compas,juju,ibi_std_sec,-0.0763829692058599,-0.2593614006222593,0.1829784314163994,0.007341160163390807
compas,juju,mfcc_2_mean,0.05054738663455127,0.25934578394872626,0.208798397314175,0.009559148762692902
compas,juju,chroma_G#,0.08173458419330662,0.2914544629109511,0.2097198787176445,0.009643708943220978
compas,juju,chroma_F,0.07542312716389014,-0.15297498711414953,0.2283981142780397,0.011437995636738103
compas,juju,tempo_bpm,0.17392899511843926,-0.054838097176734824,0.22876709229517408,0.011474981738610128
compas,juju,mfcc_6_mean,0.13850002545284942,0.36775713212562666,0.22925710667277724,0.011524192733533932
compas,juju,beat_count,0.18652433782483022,-0.04640610831480257,0.2329304461396328,0.011896450878589203
compas,juju,mfcc_3_mean,-0.11542813535967944,0.12857948431550958,0.24400761967518902,0.01305484366460134
compas,juju,mfcc_1_mean,0.021663368843999515,-0.22691270272341704,0.24857607156741657,0.013548260522678695
compas,juju,log_attack_time_ms,-0.25259391511639,0.015575542178756459,0.26816945729514646,0.015768251015797357
compas,juju,mfcc_10_mean,0.11282179773693878,-0.17217182445784687,0.28499362219478563,0.017808821501164914
compas,juju,mfcc_5_mean,-0.08314689942640055,0.22136970442895415,0.30451660385535473,0.02033231614963679
compas,juju,mfcc_11_mean,0.11734633817133486,-0.21504045814579728,0.33238679631713214,0.02422436635603353
compas,juju,mfcc_9_mean,-0.29898523958791673,0.03390523293392841,0.3328904725218451,0.02429783787477491
compas,juju,chroma_D,0.1291112462632153,0.48403952645031406,0.35492828018709877,0.02762142677124394
compas,juju,mfcc_13_mean,-0.28859169031447274,0.06810020621632917,0.3566918965308019,0.027896607024977798
compas,juju,mean_beat_strength,-0.5068735742908959,-0.10741264316574498,0.3994609311251509,0.0349875489169217
compas,juju,key_correlation,0.09224239187451629,-0.3355058979723472,0.42774828984686347,0.040118202157680104
compas,juju,chroma_A#,-0.13022342256386354,0.3018471501975269,0.43207057276139044,0.04093306601842772
compas,juju,chroma_C#,0.12659792035094988,0.5589636795477667,0.43236575919681686,0.04098901527332451
compas,juju,chroma_B,-0.00637559244651285,0.4330620342785945,0.4394376267251074,0.04234083122495634
compas,juju,mfcc_7_mean,-0.21120832752131463,0.25089208844025424,0.46210041596156887,0.046820669295603023
compas,juju,chroma_D#,0.10042044152718141,0.5685252023320944,0.4681047608049129,0.04804531165602356
compas,juju,ssm_mean_affinity,0.2901347049041343,-0.1818105711480119,0.4719452760521462,0.0488369108860693
compas,juju,chroma_C,0.022157307396656917,0.500284678965359,0.4781273715687021,0.050124737585080965
compas,juju,onsets_per_second,-0.05816262419991967,0.6510167320858846,0.7091793562858043,0.11027500062150707
compas,juju,spectral_flux_mean,-0.6541888728919419,0.2936743888093945,0.9478632617013365,0.19699548846014073
compas,kora,log_attack_time_ms,-0.25259391511639,-0.2620114310591127,0.009417515942722665,6.647903600183729e-06
compas,kora,mfcc_13_mean,-0.28859169031447274,-0.2622500074537207,0.026341682860752058,5.2011456849970906e-05
compas,kora,mean_beat_strength,-0.5068735742908959,-0.5353267661861217,0.028453191895225882,6.068396801489429e-05
compas,kora,spectral_flux_mean,-0.6541888728919419,-0.7127413935341299,0.058552520642187966,0.0002569822793023866
compas,kora,dynamic_range_db,-0.11846672532533066,-0.02415334246450621,0.09431338286082445,0.0006667432537788152
compas,kora,mfcc_8_mean,-0.08358314242334093,-0.18104238008799664,0.09745923766465571,0.0007119639518077167
compas,kora,onsets_per_second,-0.05816262419991967,0.0951503640837241,0.15331298828364376,0.0017618538609475872
compas,kora,mfcc_9_mean,-0.29898523958791673,-0.13969127466463377,0.15929396492328296,0.001902000512174821
compas,kora,tempo_bpm,0.17392899511843926,0.007134238680349206,0.16679475643809005,0.0020853395117730535
compas,kora,mfcc_4_mean,0.16431151990759246,0.33245582494431647,0.168144305036724,0.0021192212991442117
compas,kora,beat_count,0.18652433782483022,0.00720391446939642,0.1793204233554338,0.0024103021939380896
compas,kora,mean_ibi_sec,-0.1708782417770171,0.05264185892908912,0.22352010070610623,0.003744942500092302
compas,kora,ssm_mean_affinity,0.2901347049041343,0.05885897867179365,0.23127572623234063,0.004009332659995312
compas,kora,mfcc_7_mean,-0.21120832752131463,0.026893205449335076,0.2381015329706497,0.0042494856607016495
compas,kora,ibi_std_sec,-0.0763829692058599,0.1723498791191994,0.24873284832505932,0.004637439654629128
compas,kora,mfcc_5_mean,-0.08314689942640055,0.21577865167742002,0.2989255511038206,0.006697890792914984
compas,kora,chroma_B,-0.00637559244651285,-0.3659588583142934,0.35958326586778055,0.009691944757918904
compas,kora,rms_mean,-0.17816748691403156,-0.5425974981938769,0.36443001127984537,0.009954976840410747
compas,kora,mfcc_6_mean,0.13850002545284942,-0.27076257923985586,0.40926260469270526,0.01255498253465766
compas,kora,rms_std,-0.11594449058824247,-0.5286683489452465,0.41272385835700404,0.01276824286566525
compas,kora,key_correlation,0.09224239187451629,0.5273505261757346,0.43510813430121836,0.014190784010410648
compas,kora,mfcc_12_mean,-0.06713576250360406,-0.5071262073296298,0.4399904448260257,0.01451103786209674
compas,kora,chroma_F,0.07542312716389014,-0.3846876865022379,0.46011081366612805,0.015868536153878364
compas,kora,lufs_integrated,-0.1828175356285455,-0.6808646530243497,0.4980471173958042,0.018593144593687293
compas,kora,mfcc_3_mean,-0.11542813535967944,0.400698528691177,0.5161266640508564,0.01996754064990507
compas,kora,chroma_A,-0.04232161823982537,-0.5816046197659301,0.5392830015261048,0.02179944554216794
compas,kora,chroma_C,0.022157307396656917,-0.5591049731665926,0.5812622805632495,0.025325397349447675
compas,kora,textural_grain_mean,-0.25923814161195674,-0.8564844487983517,0.5972463071863949,0.02673738510572951
compas,kora,mfcc_11_mean,0.11734633817133486,-0.5449653544683278,0.6623116926396627,0.03288038011596237
compas,kora,chroma_G,-0.0788509359558697,-0.7728501778466509,0.6939992418907812,0.036101893201581234
compas,kora,mfcc_10_mean,0.11282179773693878,-0.5883374049376376,0.7011592026745764,0.03685065927927847
compas,kora,chroma_A#,-0.13022342256386354,-0.845964675340927,0.7157412527770635,0.03839936859616995
compas,kora,chroma_F#,0.2085119277646931,-0.509970769665573,0.718482697430266,0.03869408780180759
compas,kora,chroma_E,0.24621070904576597,-0.49218340598468313,0.7383941150304492,0.04086847557380453
compas,kora,chroma_D,0.1291112462632153,-0.632593981021658,0.7617052272848732,0.0434896444434579
compas,kora,chroma_C#,0.12659792035094988,-0.7165007491547846,0.8430986695057344,0.053280561488283
compas,kora,chroma_D#,0.10042044152718141,-0.7695657495009868,0.8699861910281682,0.05673312465561242
compas,kora,chroma_G#,0.08173458419330662,-0.8627386732269215,0.9444732574202281,0.06686384021681067
compas,kora,spectral_bandwidth_mean,-0.052448097820860046,-1.0036291186405415,0.9511810208196815,0.06781696301087708
compas,kora,mfcc_1_mean,0.021663368843999515,-0.9323299447630105,0.95399331360701,0.06821857552825102
compas,kora,spectral_centroid_mean,-0.07567432736093846,-1.1630688829810814,1.087394555620143,0.08863113146099962
compas,kora,mfcc_2_mean,0.05054738663455127,1.1694093693519783,1.1188619827174269,0.0938350349014631
reggae_dancehall,afrobeats,log_attack_time_ms,0.10987721593332253,0.10661569403228557,0.0032615219010369567,1.3310442660100332e-06
reggae_dancehall,afrobeats,spectral_flux_mean,0.38564957562196994,0.403880152133849,0.018230576511879037,4.158653209547603e-05
reggae_dancehall,afrobeats,ssm_mean_affinity,0.11292447805207634,0.13957186053433399,0.026647382482257648,8.8850732343637e-05
reggae_dancehall,afrobeats,chroma_A#,-0.22430795995125402,-0.18921019361049524,0.035097766340758785,0.00015413840382368937
reggae_dancehall,afrobeats,chroma_A,-0.05842372187623235,-0.09929744786093533,0.040873725984702985,0.00020904527648224575
reggae_dancehall,afrobeats,spectral_bandwidth_mean,0.11198310291736656,0.16883975270643567,0.05685664978906911,0.0004044961871392449
reggae_dancehall,afrobeats,mfcc_1_mean,-0.12976857517003595,-0.06578551855669063,0.06398305661334533,0.000512249882558258
reggae_dancehall,afrobeats,mfcc_6_mean,-0.10133873117802256,-0.029258915107084827,0.07207981607093773,0.0006500986139747143
reggae_dancehall,afrobeats,key_correlation,0.12724592040562774,0.04257572749429964,0.0846701929113281,0.0008970424578908711
reggae_dancehall,afrobeats,chroma_C,-0.21594549601521776,-0.05210514027351733,0.16384035574170042,0.003358873632434855
reggae_dancehall,afrobeats,dynamic_range_db,0.18431568227710918,0.016854696846207662,0.16746098543090152,0.0035089662055114764
reggae_dancehall,afrobeats,lufs_integrated,-0.02602524467376597,0.142545994871743,0.16857123954550896,0.003555648825214393
reggae_dancehall,afrobeats,onsets_per_second,-0.5288251204717834,-0.348272447462646,0.1805526730091374,0.004079056729510635
reggae_dancehall,afrobeats,mfcc_5_mean,0.2624836317218195,0.07985780475394835,0.18262582696787114,0.004173268157475805
reggae_dancehall,afrobeats,chroma_B,-0.19584186842368068,-0.3974794807076937,0.201637612284013,0.005087389539588994
reggae_dancehall,afrobeats,textural_grain_mean,0.10779101622237054,-0.10208759523465837,0.2098786114570289,0.005511734191234408
reggae_dancehall,afrobeats,chroma_F#,-0.238839515919769,-0.022075858347939962,0.21676365757182905,0.005879289444633238
reggae_dancehall,afrobeats,spectral_centroid_mean,0.21045590610365045,-0.021428749955665873,0.23188465605931632,0.006728154020265774
reggae_dancehall,afrobeats,mfcc_11_mean,0.1318531855393428,-0.11490364836481463,0.24675683390415742,0.00761886501364758
reggae_dancehall,afrobeats,mfcc_10_mean,0.14426912808212197,-0.1043069543471215,0.24857608242924348,0.007731621392766801
reggae_dancehall,afrobeats,chroma_D,-0.14397774857647547,0.12741241601996728,0.2713901645964427,0.009215949990382874
reggae_dancehall,afrobeats,chroma_C#,-0.16386985880457416,0.10928785663023,0.27315771543480416,0.009336386978473847
reggae_dancehall,afrobeats,chroma_E,-0.27912067886627684,-0.0005843702556538026,0.27853630861062306,0.009707681786884562
reggae_dancehall,afrobeats,rms_mean,-0.09782002831024039,0.18354047624000971,0.2813605045502501,0.009905540290604382
reggae_dancehall,afrobeats,chroma_D#,-0.33971758371334215,-0.03701088325849825,0.3027067004548439,0.011465578419220048
reggae_dancehall,afrobeats,mfcc_7_mean,0.17849709226014543,-0.15021836686541898,0.32871545912556444,0.013520481507363163
reggae_dancehall,afrobeats,mfcc_13_mean,0.2783156017441954,-0.05184668550765873,0.33016228725185415,0.013639763169697802
reggae_dancehall,afrobeats,mfcc_8_mean,0.09852191743160597,-0.2879066131082841,0.38642853053989007,0.018684878042907006
reggae_dancehall,afrobeats,chroma_G#,-0.26134499175979103,0.13642539307995052,0.3977703848397416,0.019797793570518557
reggae_dancehall,afrobeats,mfcc_2_mean,-0.34326239601507597,0.0810161469616423,0.4242785429767183,0.022524441851752355
reggae_dancehall,afrobeats,chroma_G,-0.16907967536284307,0.26485986084204144,0.4339395362048845,0.02356190179494429
reggae_dancehall,afrobeats,mfcc_4_mean,0.05049236581091394,-0.38397779213386246,0.4344701579447764,0.02361956006431636
reggae_dancehall,afrobeats,chroma_F,-0.30360280659732436,0.13173801237877217,0.43534081897609656,0.023714320247505243
reggae_dancehall,afrobeats,mean_beat_strength,0.6747018435161964,0.20105507788439517,0.4736467656318013,0.02807120479303068
reggae_dancehall,afrobeats,rms_std,0.09784623513769275,0.7230400431347984,0.6251938079971057,0.04890815013447743
reggae_dancehall,afrobeats,mean_ibi_sec,-0.42179410120782584,0.29676278464790784,0.7185568858557336,0.06460620210566469
reggae_dancehall,afrobeats,mfcc_3_mean,-0.21476093043932168,0.5722492537145306,0.7870101841538523,0.0775019456109254
reggae_dancehall,afrobeats,beat_count,0.4817303869356467,-0.317567055279368,0.7992974422150148,0.0799408472879008
reggae_dancehall,afrobeats,mfcc_12_mean,0.4205128423110344,-0.4115170300514392,0.8320298723624736,0.08662230552716939
reggae_dancehall,afrobeats,tempo_bpm,0.5050976887327882,-0.35580467269205024,0.8609023614248383,0.09273842133615948
reggae_dancehall,afrobeats,mfcc_9_mean,0.3087815007587705,-0.6608299528066078,0.9696114535653784,0.11763793016943809
reggae_dancehall,afrobeats,ibi_std_sec,-0.3827990518623863,0.6562375407717856,1.0390365926341718,0.13508700903780552
reggae_dancehall,highlife,chroma_G#,-0.26134499175979103,-0.25365778547946316,0.007687206280327874,7.56206153464518e-06
reggae_dancehall,highlife,log_attack_time_ms,0.10987721593332253,0.09454655999296431,0.01533065594035822,3.007631403469756e-05
reggae_dancehall,highlife,chroma_A,-0.05842372187623235,-0.08230909825360895,0.023885376377376602,7.300747273082049e-05
reggae_dancehall,highlife,chroma_C#,-0.16386985880457416,-0.19727191496038998,0.03340205615581582,0.00014277413586867864
reggae_dancehall,highlife,chroma_D#,-0.33971758371334215,-0.30020834700761434,0.03950923670572781,0.00019975626798414937
reggae_dancehall,highlife,chroma_G,-0.16907967536284307,-0.21520225271242546,0.04612257734958239,0.00027222642031387803
reggae_dancehall,highlife,chroma_F#,-0.238839515919769,-0.28673017374235665,0.04789065782258764,0.0002934977266572232
reggae_dancehall,highlife,chroma_E,-0.27912067886627684,-0.3613274743629415,0.08220679549666465,0.0008648057633677392
reggae_dancehall,highlife,mfcc_1_mean,-0.12976857517003595,-0.21449818401903586,0.08472960884899991,0.0009186996261773186
reggae_dancehall,highlife,mfcc_8_mean,0.09852191743160597,0.011817919233003979,0.086703998198602,0.0009620139859307138
reggae_dancehall,highlife,chroma_D,-0.14397774857647547,-0.27362116895929595,0.12964342038282048,0.0021508201556051498
reggae_dancehall,highlife,ssm_mean_affinity,0.11292447805207634,0.24636502865107687,0.13344055059900053,0.0022786561093423134
reggae_dancehall,highlife,lufs_integrated,-0.02602524467376597,-0.18149557162897703,0.15547032695521107,0.0030931299090739485
reggae_dancehall,highlife,mfcc_4_mean,0.05049236581091394,0.2237599061737677,0.17326754036285377,0.003841824814819033
reggae_dancehall,highlife,chroma_F,-0.30360280659732436,-0.10237430303593052,0.20122850356139382,0.005181817719704512
reggae_dancehall,highlife,mfcc_11_mean,0.1318531855393428,-0.09534306345795325,0.22719624899729607,0.006605496251828056
reggae_dancehall,highlife,dynamic_range_db,0.18431568227710918,0.4128545171675496,0.22853883489044044,0.006683795515773574
reggae_dancehall,highlife,rms_mean,-0.09782002831024039,-0.3389303162697586,0.24111028795951822,0.007439343638131399
reggae_dancehall,highlife,key_correlation,0.12724592040562774,-0.12846801522422818,0.2557139356298559,0.008367812291269355
reggae_dancehall,highlife,mfcc_6_mean,-0.10133873117802256,0.16066868275755,0.2620074139355726,0.008784768025326238
reggae_dancehall,highlife,spectral_flux_mean,0.38564957562196994,0.09102017271373394,0.294629402908236,0.011108497148956729
reggae_dancehall,highlife,chroma_C,-0.21594549601521776,0.08416446651176225,0.30010996252698,0.011525611111987865
reggae_dancehall,highlife,ibi_std_sec,-0.3827990518623863,-0.06826897134837213,0.31453008051401415,0.012659819359765857
reggae_dancehall,highlife,textural_grain_mean,0.10779101622237054,-0.22591499085948802,0.33370600708185855,0.014250535542685148
reggae_dancehall,highlife,spectral_bandwidth_mean,0.11198310291736656,-0.2372578498834123,0.3492409528007789,0.01560822314688903
reggae_dancehall,highlife,mfcc_3_mean,-0.21476093043932168,0.13650889858722112,0.3512698290265428,0.015790098359429457
reggae_dancehall,highlife,chroma_A#,-0.22430795995125402,0.14544488267772057,0.36975284262897457,0.017495492790826274
reggae_dancehall,highlife,chroma_B,-0.19584186842368068,0.21707429871437942,0.4129161671380601,0.021818601555314652
reggae_dancehall,highlife,spectral_centroid_mean,0.21045590610365045,-0.2530815339426876,0.46353744004633807,0.02749620598459368
reggae_dancehall,highlife,mfcc_10_mean,0.14426912808212197,-0.35599013919502936,0.5002592672771513,0.03202531587238655
reggae_dancehall,highlife,mfcc_13_mean,0.2783156017441954,-0.22504197863738543,0.5033575803815808,0.03242323643659644
reggae_dancehall,highlife,mfcc_7_mean,0.17849709226014543,-0.3249956686591269,0.5034927609192723,0.032440653792563265
reggae_dancehall,highlife,rms_std,0.09784623513769275,-0.431772515321777,0.5296187504594698,0.03589465977906182
reggae_dancehall,highlife,mean_beat_strength,0.6747018435161964,0.11863470135719138,0.5560671421590051,0.039569230408673765
reggae_dancehall,highlife,mfcc_12_mean,0.4205128423110344,-0.19335289569698627,0.6138657380080207,0.04822252265249698
reggae_dancehall,highlife,mfcc_2_mean,-0.34326239601507597,0.29496313911321437,0.6382255351282904,0.05212565063768877
reggae_dancehall,highlife,mfcc_9_mean,0.3087815007587705,-0.3360262729042198,0.6448077736629902,0.05320637436017138
reggae_dancehall,highlife,mfcc_5_mean,0.2624836317218195,-0.4257407536808909,0.6882243854027104,0.06061264693155374
reggae_dancehall,highlife,mean_ibi_sec,-0.42179410120782584,0.36840822257162686,0.7902023237794527,0.0799060645237577
reggae_dancehall,highlife,onsets_per_second,-0.5288251204717834,0.34983423533087005,0.8786593558026534,0.098797103438372
reggae_dancehall,highlife,tempo_bpm,0.5050976887327882,-0.43331721232064496,0.9384149010534331,0.11269195865494906
reggae_dancehall,highlife,beat_count,0.4817303869356467,-0.47093112432739564,0.9526615112630423,0.1161396133058063
reggae_dancehall,juju,mfcc_8_mean,0.09852191743160597,0.08105892773787199,0.017462989693733985,3.587256486274689e-05
reggae_dancehall,juju,mfcc_5_mean,0.2624836317218195,0.22136970442895415,0.04111392729286534,0.00019883972837424178
reggae_dancehall,juju,mfcc_4_mean,0.05049236581091394,0.10462942321656533,0.0541370574056514,0.00034475813806353995
reggae_dancehall,juju,chroma_A,-0.05842372187623235,0.009565071276021046,0.0679887931522534,0.0005437507870467392
reggae_dancehall,juju,mfcc_7_mean,0.17849709226014543,0.25089208844025424,0.0723949961801088,0.0006165131341535274
reggae_dancehall,juju,spectral_flux_mean,0.38564957562196994,0.2936743888093945,0.09197518681257544,0.0009950996909502234
reggae_dancehall,juju,log_attack_time_ms,0.10987721593332253,0.015575542178756459,0.09430167375456608,0.0010460779222353327
reggae_dancehall,juju,mfcc_1_mean,-0.12976857517003595,-0.22691270272341704,0.09714412755338109,0.0011100903788671163
reggae_dancehall,juju,rms_mean,-0.09782002831024039,-0.19860051218823846,0.10078048387799807,0.0011947529528377454
reggae_dancehall,juju,ibi_std_sec,-0.3827990518623863,-0.2593614006222593,0.12343765124012696,0.0017923405606558368
reggae_dancehall,juju,chroma_F,-0.30360280659732436,-0.15297498711414953,0.15062781948317483,0.0026689203467013343
reggae_dancehall,juju,dynamic_range_db,0.18431568227710918,0.026003976695466526,0.15831170558164265,0.0029481616312894013
reggae_dancehall,juju,lufs_integrated,-0.02602524467376597,-0.18666117512263425,0.16063593044886829,0.0030353628922853452
reggae_dancehall,juju,mfcc_13_mean,0.2783156017441954,0.06810020621632917,0.21021539552786622,0.005198215413279324
reggae_dancehall,juju,chroma_G,-0.16907967536284307,0.0962015763795766,0.2652812517424197,0.008278246427553622
reggae_dancehall,juju,mfcc_9_mean,0.3087815007587705,0.03390523293392841,0.2748762678248421,0.008887911573475493
reggae_dancehall,juju,textural_grain_mean,0.10779101622237054,-0.17419983642426914,0.2819908526466397,0.009353954984140316
reggae_dancehall,juju,ssm_mean_affinity,0.11292447805207634,-0.1818105711480119,0.29473504920008825,0.010218538899970936
reggae_dancehall,juju,spectral_bandwidth_mean,0.11198310291736656,-0.19737554805765428,0.30935865097502085,0.01125770242108165
reggae_dancehall,juju,chroma_F#,-0.238839515919769,0.07339397208722778,0.3122334880069968,0.011467907874169821
reggae_dancehall,juju,mfcc_10_mean,0.14426912808212197,-0.17217182445784687,0.31644095253996884,0.011779059089677014
reggae_dancehall,juju,rms_std,0.09784623513769275,-0.2201816665218341,0.3180279016595269,0.011897499129430892
reggae_dancehall,juju,mfcc_3_mean,-0.21476093043932168,0.12857948431550958,0.34334041475483124,0.013866762872944133
reggae_dancehall,juju,mfcc_11_mean,0.1318531855393428,-0.21504045814579728,0.3468936436851401,0.014155262202759976
reggae_dancehall,juju,mean_ibi_sec,-0.42179410120782584,-0.030990155440842646,0.3908039457669832,0.017965657419523204
reggae_dancehall,juju,mfcc_12_mean,0.4205128423110344,0.004263959643656619,0.4162488826673778,0.020381277194810615
reggae_dancehall,juju,spectral_centroid_mean,0.21045590610365045,-0.2256489352487571,0.43610484135240757,0.02237211535936756
reggae_dancehall,juju,key_correlation,0.12724592040562774,-0.3355058979723472,0.46275181837797497,0.025189613396374516
reggae_dancehall,juju,mfcc_6_mean,-0.10133873117802256,0.36775713212562666,0.4690958633036492,0.02588501616116284
reggae_dancehall,juju,chroma_E,-0.27912067886627684,0.199363093642214,0.47848377250849083,0.026931445322051654
reggae_dancehall,juju,chroma_A#,-0.22430795995125402,0.3018471501975269,0.5261551101487809,0.03256513025401058
reggae_dancehall,juju,beat_count,0.4817303869356467,-0.04640610831480257,0.5281364952504493,0.03281085838410216
reggae_dancehall,juju,chroma_G#,-0.26134499175979103,0.2914544629109511,0.5527994546707422,0.03594681743743197
reggae_dancehall,juju,tempo_bpm,0.5050976887327882,-0.054838097176734824,0.559935785909523,0.03688091465104556
reggae_dancehall,juju,mfcc_2_mean,-0.34326239601507597,0.25934578394872626,0.6026081799638022,0.04271646243065222
reggae_dancehall,juju,chroma_D,-0.14397774857647547,0.48403952645031406,0.6280172750267895,0.046394704660876154
reggae_dancehall,juju,chroma_B,-0.19584186842368068,0.4330620342785945,0.6289039027022751,0.046525796169432164
reggae_dancehall,juju,chroma_C,-0.21594549601521776,0.500284678965359,0.7162301749805767,0.06034349527059578
reggae_dancehall,juju,chroma_C#,-0.16386985880457416,0.5589636795477667,0.7228335383523409,0.061461311608509095
reggae_dancehall,juju,mean_beat_strength,0.6747018435161964,-0.10741264316574498,0.7821144866819414,0.07195581465703497
reggae_dancehall,juju,chroma_D#,-0.33971758371334215,0.5685252023320944,0.9082427860454365,0.09703516490379023
reggae_dancehall,juju,onsets_per_second,-0.5288251204717834,0.6510167320858846,1.1798418525576682,0.1637468031024225
reggae_dancehall,kora,mfcc_5_mean,0.2624836317218195,0.21577865167742002,0.04670498004439946,0.00012289288677570895
reggae_dancehall,kora,ssm_mean_affinity,0.11292447805207634,0.05885897867179365,0.05406549938028269,0.0001646799785547155
reggae_dancehall,kora,chroma_F,-0.30360280659732436,-0.3846876865022379,0.08108487990491353,0.0003704077970037623
reggae_dancehall,kora,mfcc_7_mean,0.17849709226014543,0.026893205449335076,0.15160388681081036,0.0012948546954921589
reggae_dancehall,kora,mfcc_6_mean,-0.10133873117802256,-0.27076257923985586,0.1694238480618333,0.0016171468057690939
reggae_dancehall,kora,chroma_B,-0.19584186842368068,-0.3659588583142934,0.17011698989061275,0.0016304059192691596
reggae_dancehall,kora,dynamic_range_db,0.18431568227710918,-0.02415334246450621,0.20846902474161538,0.0024484059919413523
reggae_dancehall,kora,chroma_E,-0.27912067886627684,-0.49218340598468313,0.2130627271184063,0.0025574981446606975
reggae_dancehall,kora,chroma_F#,-0.238839515919769,-0.509970769665573,0.27113125374580394,0.004141517767856681
reggae_dancehall,kora,mfcc_8_mean,0.09852191743160597,-0.18104238008799664,0.2795642975196026,0.004403153036612995
reggae_dancehall,kora,mfcc_4_mean,0.05049236581091394,0.33245582494431647,0.28196345913340254,0.004479051170329085
reggae_dancehall,kora,chroma_C,-0.21594549601521776,-0.5591049731665926,0.34315947715137485,0.006634258036306111
reggae_dancehall,kora,log_attack_time_ms,0.10987721593332253,-0.2620114310591127,0.3718886469924352,0.007791592038380775
reggae_dancehall,kora,key_correlation,0.12724592040562774,0.5273505261757346,0.40010460577010687,0.00901877320351374
reggae_dancehall,kora,chroma_D#,-0.33971758371334215,-0.7695657495009868,0.4298481657876446,0.010409515592901274
reggae_dancehall,kora,rms_mean,-0.09782002831024039,-0.5425974981938769,0.44477746988363653,0.011145150164789739
reggae_dancehall,kora,mfcc_9_mean,0.3087815007587705,-0.13969127466463377,0.44847277542340425,0.011331112016287942
reggae_dancehall,kora,mean_ibi_sec,-0.42179410120782584,0.05264185892908912,0.47443596013691497,0.012681060154061822
reggae_dancehall,kora,beat_count,0.4817303869356467,0.00720391446939642,0.47452647246625024,0.012685899170817125
reggae_dancehall,kora,chroma_D,-0.14397774857647547,-0.632593981021658,0.4886162324451825,0.013450429288784132
reggae_dancehall,kora,tempo_bpm,0.5050976887327882,0.007134238680349206,0.49796345005243897,0.013969964378108104
reggae_dancehall,kora,chroma_A,-0.05842372187623235,-0.5816046197659301,0.5231808978896978,0.015420701196876788
reggae_dancehall,kora,mfcc_13_mean,0.2783156017441954,-0.2622500074537207,0.5405656091979161,0.016462553112262877
reggae_dancehall,kora,chroma_C#,-0.16386985880457416,-0.7165007491547846,0.5526308903502104,0.01720563391782055
reggae_dancehall,kora,ibi_std_sec,-0.3827990518623863,0.1723498791191994,0.5551489309815857,0.017362784700367558
reggae_dancehall,kora,chroma_G#,-0.26134499175979103,-0.8627386732269215,0.6013936814671306,0.02037596031229981
reggae_dancehall,kora,chroma_G,-0.16907967536284307,-0.7728501778466509,0.6037705024838078,0.02053733784072845
reggae_dancehall,kora,mfcc_3_mean,-0.21476093043932168,0.400698528691177,0.6154594591304987,0.021340238359894854
reggae_dancehall,kora,chroma_A#,-0.22430795995125402,-0.845964675340927,0.621656715389673,0.02177216531140782
reggae_dancehall,kora,onsets_per_second,-0.5288251204717834,0.0951503640837241,0.6239754845555076,0.021934887848623543
reggae_dancehall,kora,rms_std,0.09784623513769275,-0.5286683489452465,0.6265145840829393,0.02211376725124775
reggae_dancehall,kora,lufs_integrated,-0.02602524467376597,-0.6808646530243497,0.6548394083505837,0.02415850076284728
reggae_dancehall,kora,mfcc_11_mean,0.1318531855393428,-0.5449653544683278,0.6768185400076706,0.025807435930096597
reggae_dancehall,kora,mfcc_10_mean,0.14426912808212197,-0.5883374049376376,0.7326065330197596,0.030237225489855114
reggae_dancehall,kora,mfcc_1_mean,-0.12976857517003595,-0.9323299447630105,0.8025613695929745,0.03628748484968743
reggae_dancehall,kora,mfcc_12_mean,0.4205128423110344,-0.5071262073296298,0.9276390496406641,0.048479530904219456
reggae_dancehall,kora,textural_grain_mean,0.10779101622237054,-0.8564844487983517,0.9642754650207223,0.052384475242497126
reggae_dancehall,kora,spectral_flux_mean,0.38564957562196994,-0.7127413935341299,1.0983909691560998,0.0679695307029908
reggae_dancehall,kora,spectral_bandwidth_mean,0.11198310291736656,-1.0036291186405415,1.115612221557908,0.07011757552206942
reggae_dancehall,kora,mean_beat_strength,0.6747018435161964,-0.5353267661861217,1.2100286097023183,0.0824881648794337
reggae_dancehall,kora,spectral_centroid_mean,0.21045590610365045,-1.1630688829810814,1.3735247890847317,0.10628534046374771
reggae_dancehall,kora,mfcc_2_mean,-0.34326239601507597,1.1694093693519783,1.5126717653670543,0.12891093716280913
zouk,afrobeats,log_attack_time_ms,0.11231604009555808,0.10661569403228557,0.005700346063272507,7.225748191310433e-06
zouk,afrobeats,chroma_D,0.11714693895712952,0.12741241601996728,0.010265477062837758,2.343358057656476e-05
zouk,afrobeats,mfcc_10_mean,-0.0928312444441421,-0.1043069543471215,0.0114757099029794,2.9284613783591907e-05
zouk,afrobeats,mfcc_13_mean,-0.023137301285625838,-0.05184668550765873,0.028709384222032893,0.00018328551059278752
zouk,afrobeats,mfcc_8_mean,-0.23481331509546188,-0.2879066131082841,0.0530932980128222,0.0006268444504774177
zouk,afrobeats,ssm_mean_affinity,0.07987454674132731,0.13957186053433399,0.059697313793006676,0.0007924830055427208
zouk,afrobeats,spectral_bandwidth_mean,0.24468152767392054,0.16883975270643567,0.07584177496748487,0.0012790789612517769
zouk,afrobeats,mfcc_4_mean,-0.3023294317849957,-0.38397779213386246,0.08164836034886674,0.0014824338189155103
zouk,afrobeats,tempo_bpm,-0.4437250850714494,-0.35580467269205024,0.08792041237939918,0.0017189364126085844
zouk,afrobeats,mfcc_5_mean,-0.012801796264901136,0.07985780475394835,0.09265960101884949,0.001909243102444684
zouk,afrobeats,mfcc_1_mean,0.03045575707753504,-0.06578551855669063,0.09624127563422566,0.0020596959739270426
zouk,afrobeats,mfcc_6_mean,-0.12790159045029176,-0.029258915107084827,0.09864267534320693,0.0021637648604688688
zouk,afrobeats,chroma_G#,0.25000292865134943,0.13642539307995052,0.11357753557139891,0.002868568735078223
zouk,afrobeats,chroma_E,0.11347085515642508,-0.0005843702556538026,0.11405522541207888,0.002892749005281913
zouk,afrobeats,chroma_C#,-0.008177694663351207,0.10928785663023,0.1174655512935812,0.003068325441775335
zouk,afrobeats,beat_count,-0.4370612473652925,-0.317567055279368,0.11949419208592449,0.003175221109282792
zouk,afrobeats,key_correlation,0.17005829644179762,0.04257572749429964,0.127482568947498,0.0036139487679402674
zouk,afrobeats,mfcc_12_mean,-0.2628813935138597,-0.4115170300514392,0.1486356365375795,0.004912768200813844
zouk,afrobeats,chroma_D#,0.12716266248373237,-0.03701088325849825,0.16417354574223061,0.005993585907277579
zouk,afrobeats,spectral_centroid_mean,0.14444579077312553,-0.021428749955665873,0.1658745407287914,0.006118427882499863
zouk,afrobeats,mean_ibi_sec,0.4667353068617254,0.29676278464790784,0.16997252221381753,0.0064244775592529136
zouk,afrobeats,mfcc_11_mean,-0.297354825091436,-0.11490364836481463,0.18245117672662137,0.007402419888644283
zouk,afrobeats,mfcc_7_mean,0.047917630603810456,-0.15021836686541898,0.19813599746922944,0.008729857402146077
zouk,afrobeats,mfcc_2_mean,-0.1244235244334928,0.0810161469616423,0.2054396713951351,0.009385318211027605
zouk,afrobeats,chroma_G,0.4716352187538451,0.26485986084204144,0.20677535791180368,0.009507754101043814
zouk,afrobeats,textural_grain_mean,0.1128877950955081,-0.10208759523465837,0.21497539033016647,0.010276799201601166
zouk,afrobeats,dynamic_range_db,-0.20519351870473101,0.016854696846207662,0.22204821555093868,0.010964149619209102
zouk,afrobeats,lufs_integrated,-0.08168443003956506,0.142545994871743,0.22423042491130807,0.011180711938688947
zouk,afrobeats,mean_beat_strength,-0.0460836390327184,0.20105507788439517,0.24713871691711356,0.013581944572304596
zouk,afrobeats,chroma_F,0.39832934946657267,0.13173801237877217,0.2665913370878005,0.01580419735583861
zouk,afrobeats,onsets_per_second,-0.03572219851437455,-0.348272447462646,0.3125502489482715,0.021723013740563155
zouk,afrobeats,rms_mean,-0.1340617367244139,0.18354047624000971,0.3176022129644236,0.02243093713488963
zouk,afrobeats,chroma_C,0.2714382259044548,-0.05210514027351733,0.32354336617797214,0.023277984669929655
zouk,afrobeats,chroma_F#,0.3520677042219822,-0.022075858347939962,0.37414356256992215,0.031128409645825705
zouk,afrobeats,chroma_A,0.3824528960700101,-0.09929744786093533,0.4817503439309454,0.05160888131936504
zouk,afrobeats,spectral_flux_mean,-0.09645543237874075,0.403880152133849,0.5003355845125897,0.05566768508208869
zouk,afrobeats,mfcc_3_mean,0.06739305206308185,0.5722492537145306,0.5048562016514487,0.05667816348787398
zouk,afrobeats,ibi_std_sec,0.0855221769872934,0.6562375407717856,0.5707153637844923,0.07243017034746842
zouk,afrobeats,chroma_B,0.27040020019449995,-0.3974794807076937,0.6678796809021936,0.09919204421684845
zouk,afrobeats,rms_std,-0.05110987565988571,0.7230400431347984,0.7741499187946841,0.1332694249388746
zouk,afrobeats,chroma_A#,0.5994680469054705,-0.18921019361049524,0.7886782405159658,0.13831844451897293
zouk,afrobeats,mfcc_9_mean,0.14972377277636834,-0.6608299528066078,0.8105537255829762,0.14609790595881206
zouk,highlife,tempo_bpm,-0.4437250850714494,-0.43331721232064496,0.010407872750804459,2.0632821997577693e-05
zouk,highlife,log_attack_time_ms,0.11231604009555808,0.09454655999296431,0.01776948010259377,6.014286697034872e-05
zouk,highlife,beat_count,-0.4370612473652925,-0.47093112432739564,0.03386987696210314,0.00021850527299708378
zouk,highlife,chroma_B,0.27040020019449995,0.21707429871437942,0.053325901480120536,0.0005416404569885613
zouk,highlife,mfcc_3_mean,0.06739305206308185,0.13650889858722112,0.06911584652413927,0.000909892210411484
zouk,highlife,mfcc_12_mean,-0.2628813935138597,-0.19335289569698627,0.06952849781687342,0.0009207895391435601
zouk,highlife,mean_ibi_sec,0.4667353068617254,0.36840822257162686,0.09832708429009851,0.001841539362198926
zouk,highlife,lufs_integrated,-0.08168443003956506,-0.18149557162897703,0.09981114158941197,0.0018975478211283377
zouk,highlife,ibi_std_sec,0.0855221769872934,-0.06826897134837213,0.15379114833566554,0.0045050266391820065
zouk,highlife,mean_beat_strength,-0.0460836390327184,0.11863470135719138,0.1647183403899098,0.005167953528543006
zouk,highlife,ssm_mean_affinity,0.07987454674132731,0.24636502865107687,0.16649048190974958,0.005279751772278004
zouk,highlife,chroma_C,0.2714382259044548,0.08416446651176225,0.18727375939269258,0.006680185791154812
zouk,highlife,spectral_flux_mean,-0.09645543237874075,0.09102017271373394,0.18747560509247468,0.006694593505532644
zouk,highlife,chroma_C#,-0.008177694663351207,-0.19727191496038998,0.18909422029703876,0.006810691259116872
zouk,highlife,mfcc_13_mean,-0.023137301285625838,-0.22504197863738543,0.2019046773517596,0.007764749400156218
zouk,highlife,mfcc_11_mean,-0.297354825091436,-0.09534306345795325,0.20201176163348278,0.007772987972140814
zouk,highlife,rms_mean,-0.1340617367244139,-0.3389303162697586,0.2048685795453447,0.007994391201441972
zouk,highlife,mfcc_1_mean,0.03045575707753504,-0.21449818401903586,0.2449539410965709,0.011428876674980347
zouk,highlife,mfcc_8_mean,-0.23481331509546188,0.011817919233003979,0.24663123432846587,0.011585928307788635
zouk,highlife,mfcc_10_mean,-0.0928312444441421,-0.35599013919502936,0.2631588947508873,0.013190789543936585
zouk,highlife,mfcc_6_mean,-0.12790159045029176,0.16066868275755,0.2885702732078418,0.015861266608209617
zouk,highlife,key_correlation,0.17005829644179762,-0.12846801522422818,0.29852631166602583,0.016974614275504226
zouk,highlife,textural_grain_mean,0.1128877950955081,-0.22591499085948802,0.33880278595499613,0.02186395020493011
zouk,highlife,mfcc_7_mean,0.047917630603810456,-0.3249956686591269,0.3729132992629373,0.026488076850405547
zouk,highlife,rms_std,-0.05110987565988571,-0.431772515321777,0.3806626396618913,0.02760038839671506
zouk,highlife,onsets_per_second,-0.03572219851437455,0.34983423533087005,0.3855564338452446,0.028314610593174794
zouk,highlife,chroma_D,0.11714693895712952,-0.27362116895929595,0.39076810791642547,0.029085257158925258
zouk,highlife,spectral_centroid_mean,0.14444579077312553,-0.2530815339426876,0.39752732471581315,0.030100149723310685
zouk,highlife,mfcc_5_mean,-0.012801796264901136,-0.4257407536808909,0.4129389574159898,0.03247928033807006
zouk,highlife,mfcc_2_mean,-0.1244235244334928,0.29496313911321437,0.4193866635467072,0.0335014739971643
zouk,highlife,chroma_D#,0.12716266248373237,-0.30020834700761434,0.4273710094913467,0.034789228776506594
zouk,highlife,chroma_A#,0.5994680469054705,0.14544488267772057,0.4540231642277499,0.03926365328609964
zouk,highlife,chroma_A,0.3824528960700101,-0.08230909825360895,0.46476199432361903,0.04114299445013655
zouk,highlife,chroma_E,0.11347085515642508,-0.3613274743629415,0.47479832951936657,0.04293911098248941
zouk,highlife,spectral_bandwidth_mean,0.24468152767392054,-0.2372578498834123,0.48193937755733285,0.0442404472372558
zouk,highlife,mfcc_9_mean,0.14972377277636834,-0.3360262729042198,0.48575004568058816,0.04494282670115115
zouk,highlife,chroma_F,0.39832934946657267,-0.10237430303593052,0.5007036525025031,0.04775250984916366
zouk,highlife,chroma_G#,0.25000292865134943,-0.25365778547946316,0.5036607141308126,0.0483182100798561
zouk,highlife,mfcc_4_mean,-0.3023294317849957,0.2237599061737677,0.5260893379587634,0.05271736375602291
zouk,highlife,dynamic_range_db,-0.20519351870473101,0.4128545171675496,0.6180480358722806,0.07275773070554803
zouk,highlife,chroma_F#,0.3520677042219822,-0.28673017374235665,0.6387978779643388,0.07772515797899186
zouk,highlife,chroma_G,0.4716352187538451,-0.21520225271242546,0.6868374714662706,0.08985508210228084
zouk,juju,chroma_G#,0.25000292865134943,0.2914544629109511,0.041451534259601686,0.00037653659456431896
zouk,juju,mfcc_3_mean,0.06739305206308185,0.12857948431550958,0.06118643225242773,0.0008204199862268959
zouk,juju,mean_beat_strength,-0.0460836390327184,-0.10741264316574498,0.061329004133026575,0.0008242477987612934
zouk,juju,rms_mean,-0.1340617367244139,-0.19860051218823846,0.06453877546382455,0.0009127827261416545
zouk,juju,mfcc_10_mean,-0.0928312444441421,-0.17217182445784687,0.07934058001370477,0.0013794841433668785
zouk,juju,mfcc_11_mean,-0.297354825091436,-0.21504045814579728,0.08231436694563873,0.0014848317852658656
zouk,juju,chroma_E,0.11347085515642508,0.199363093642214,0.08589223848578892,0.0016167162863583017
zouk,juju,mfcc_13_mean,-0.023137301285625838,0.06810020621632917,0.09123750750195501,0.0018242014452898266
zouk,juju,log_attack_time_ms,0.11231604009555808,0.015575542178756459,0.09674049791680162,0.002050891133013505
zouk,juju,lufs_integrated,-0.08168443003956506,-0.18666117512263425,0.10497674508306919,0.0024149724266518202
zouk,juju,mfcc_9_mean,0.14972377277636834,0.03390523293392841,0.11581853984243992,0.002939558729934127
zouk,juju,chroma_B,0.27040020019449995,0.4330620342785945,0.16266183408409457,0.005798254856895578
zouk,juju,rms_std,-0.05110987565988571,-0.2201816665218341,0.1690717908619484,0.0062642383860727355
zouk,juju,mfcc_7_mean,0.047917630603810456,0.25089208844025424,0.20297445783644377,0.009028357564721578
zouk,juju,chroma_C,0.2714382259044548,0.500284678965359,0.22884645306090418,0.011476628981768175
zouk,juju,dynamic_range_db,-0.20519351870473101,0.026003976695466526,0.23119749540019754,0.011713649390811286
zouk,juju,mfcc_5_mean,-0.012801796264901136,0.22136970442895415,0.23417150069385528,0.0120169443233892
zouk,juju,mfcc_1_mean,0.03045575707753504,-0.22691270272341704,0.2573684598009521,0.014515654340586824
zouk,juju,ssm_mean_affinity,0.07987454674132731,-0.1818105711480119,0.26168511788933924,0.015006659222547819
zouk,juju,mfcc_12_mean,-0.2628813935138597,0.004263959643656619,0.2671453531575163,0.01563944075752261
zouk,juju,chroma_F#,0.3520677042219822,0.07339397208722778,0.27867373213475444,0.01701837302010175
zouk,juju,textural_grain_mean,0.1128877950955081,-0.17419983642426914,0.28708763151977723,0.01806154657972045
zouk,juju,chroma_A#,0.5994680469054705,0.3018471501975269,0.2976208967079436,0.019411219136091926
zouk,juju,mfcc_8_mean,-0.23481331509546188,0.08105892773787199,0.31587224283333387,0.021864970661436424
zouk,juju,ibi_std_sec,0.0855221769872934,-0.2593614006222593,0.34488357760955274,0.026065796521507197
zouk,juju,chroma_D,0.11714693895712952,0.48403952645031406,0.36689258749318454,0.029498765801050743
zouk,juju,spectral_centroid_mean,0.14444579077312553,-0.2256489352487571,0.37009472602188265,0.03001592719677266
zouk,juju,chroma_A,0.3824528960700101,0.009565071276021046,0.3728878247939891,0.03047069622427562
zouk,juju,chroma_G,0.4716352187538451,0.0962015763795766,0.3754336423742685,0.030888181781681
zouk,juju,mfcc_2_mean,-0.1244235244334928,0.25934578394872626,0.38376930838221907,0.03227501476871264
zouk,juju,tempo_bpm,-0.4437250850714494,-0.054838097176734824,0.3888869878947146,0.03314154836231885
zouk,juju,spectral_flux_mean,-0.09645543237874075,0.2936743888093945,0.3901298211881353,0.0333537191937151
zouk,juju,beat_count,-0.4370612473652925,-0.04640610831480257,0.39065513905048993,0.033443602611569236
zouk,juju,mfcc_4_mean,-0.3023294317849957,0.10462942321656533,0.40695885500156104,0.036293343252706466
zouk,juju,chroma_D#,0.12716266248373237,0.5685252023320944,0.441362539848362,0.042689091368511796
zouk,juju,spectral_bandwidth_mean,0.24468152767392054,-0.19737554805765428,0.4420570757315748,0.04282354969370392
zouk,juju,mfcc_6_mean,-0.12790159045029176,0.36775713212562666,0.4956587225759184,0.05383831725015713
zouk,juju,mean_ibi_sec,0.4667353068617254,-0.030990155440842646,0.49772546230256803,0.05428823072436702
zouk,juju,key_correlation,0.17005829644179762,-0.3355058979723472,0.5055641944141448,0.056011678502262026
zouk,juju,chroma_F,0.39832934946657267,-0.15297498711414953,0.5513043365807222,0.06660529989443856
zouk,juju,chroma_C#,-0.008177694663351207,0.5589636795477667,0.5671413742111179,0.07048693607939056
zouk,juju,onsets_per_second,-0.03572219851437455,0.6510167320858846,0.6867389306002591,0.10334972049561861
zouk,kora,ssm_mean_affinity,0.07987454674132731,0.05885897867179365,0.021015568069533662,2.1368686988475685e-05
zouk,kora,mfcc_7_mean,0.047917630603810456,0.026893205449335076,0.02102442515447538,2.1386702600346875e-05
zouk,kora,mfcc_8_mean,-0.23481331509546188,-0.18104238008799664,0.05377093500746524,0.0001398913130264851
zouk,kora,ibi_std_sec,0.0855221769872934,0.1723498791191994,0.086827702131906,0.0003647641811245118
zouk,kora,onsets_per_second,-0.03572219851437455,0.0951503640837241,0.13087256259809865,0.0008286913058217112
zouk,kora,mfcc_6_mean,-0.12790159045029176,-0.27076257923985586,0.1428609887895641,0.0009874676417466661
zouk,kora,dynamic_range_db,-0.20519351870473101,-0.02415334246450621,0.1810401762402248,0.0015857893513744462
zouk,kora,mfcc_5_mean,-0.012801796264901136,0.21577865167742002,0.22858044794232116,0.00252798055272894
zouk,kora,mfcc_13_mean,-0.023137301285625838,-0.2622500074537207,0.23911270616809485,0.0027663102059840164
zouk,kora,mfcc_12_mean,-0.2628813935138597,-0.5071262073296298,0.24424481381577007,0.0028863319150559215
zouk,kora,mfcc_11_mean,-0.297354825091436,-0.5449653544683278,0.24761052937689182,0.0029664278313543107
zouk,kora,mfcc_9_mean,0.14972377277636834,-0.13969127466463377,0.2894150474410021,0.004052637742333045
zouk,kora,mfcc_3_mean,0.06739305206308185,0.400698528691177,0.3333054766280952,0.0053750247606424405
zouk,kora,key_correlation,0.17005829644179762,0.5273505261757346,0.35729222973393704,0.006176503795217112
zouk,kora,log_attack_time_ms,0.11231604009555808,-0.2620114310591127,0.37432747115467074,0.006779520376246288
zouk,kora,rms_mean,-0.1340617367244139,-0.5425974981938769,0.408535761469463,0.008075245369093466
zouk,kora,mean_ibi_sec,0.4667353068617254,0.05264185892908912,0.41409344793263625,0.00829644975736388
zouk,kora,beat_count,-0.4370612473652925,0.00720391446939642,0.44426516183468895,0.009549487978568933
zouk,kora,tempo_bpm,-0.4437250850714494,0.007134238680349206,0.4508593237517986,0.009835075096571184
zouk,kora,rms_std,-0.05110987565988571,-0.5286683489452465,0.4775584732853608,0.011034398902894883
zouk,kora,mean_beat_strength,-0.0460836390327184,-0.5353267661861217,0.48924312715340335,0.011580972668136574
zouk,kora,mfcc_10_mean,-0.0928312444441421,-0.5883374049376376,0.49550616049349555,0.011879377580799435
zouk,kora,lufs_integrated,-0.08168443003956506,-0.6808646530243497,0.5991802229847847,0.01737042763531985
zouk,kora,chroma_E,0.11347085515642508,-0.49218340598468313,0.6056542611411082,0.01774782443552999
zouk,kora,spectral_flux_mean,-0.09645543237874075,-0.7127413935341299,0.6162859611553891,0.018376386612613597
zouk,kora,mfcc_4_mean,-0.3023294317849957,0.33245582494431647,0.6347852567293122,0.019496166838435625
zouk,kora,chroma_B,0.27040020019449995,-0.3659588583142934,0.6363590585087934,0.019592959060782414
zouk,kora,chroma_C#,-0.008177694663351207,-0.7165007491547846,0.7083230544914334,0.024274948915802456
zouk,kora,chroma_D,0.11714693895712952,-0.632593981021658,0.7497409199787874,0.027196812008686316
zouk,kora,chroma_F,0.39832934946657267,-0.3846876865022379,0.7830170359688106,0.02966456551852841
zouk,kora,chroma_C,0.2714382259044548,-0.5591049731665926,0.8305431990710475,0.03337490379270535
zouk,kora,chroma_F#,0.3520677042219822,-0.509970769665573,0.8620384738875552,0.03595413696679161
zouk,kora,chroma_D#,0.12716266248373237,-0.7695657495009868,0.8967284119847192,0.03890607593911241
zouk,kora,mfcc_1_mean,0.03045575707753504,-0.9323299447630105,0.9627857018405455,0.044849213746511046
zouk,kora,chroma_A,0.3824528960700101,-0.5816046197659301,0.9640575158359402,0.044967781215210396
zouk,kora,textural_grain_mean,0.1128877950955081,-0.8564844487983517,0.9693722438938598,0.04546495133159305
zouk,kora,chroma_G#,0.25000292865134943,-0.8627386732269215,1.112741601878271,0.05990791711565441
zouk,kora,chroma_G,0.4716352187538451,-0.7728501778466509,1.244485396600496,0.07493335526232728
zouk,kora,spectral_bandwidth_mean,0.24468152767392054,-1.0036291186405415,1.248310646314462,0.07539471756683126
zouk,kora,mfcc_2_mean,-0.1244235244334928,1.1694093693519783,1.293832893785471,0.08099383187865039
zouk,kora,spectral_centroid_mean,0.14444579077312553,-1.1630688829810814,1.307514673754207,0.08271584538705107
zouk,kora,chroma_A#,0.5994680469054705,-0.845964675340927,1.4454327222463976,0.10108607505618991
