Caribbean Genre,Feature,Dimension,Mean (Caribbean),Mean (West African),"p (Dunn's, adj.)",Significant,Direction
calypso_soca,spectral_centroid_mean,Timbre,2576.123,1739.396,0.0,Yes,calypso_soca higher
calypso_soca,mfcc_1_mean,—,-43.93,-150.382,0.0,Yes,calypso_soca higher
calypso_soca,mfcc_2_mean,—,81.306,116.355,0.0,Yes,kora higher
calypso_soca,textural_grain_mean,—,0.029,0.011,0.0,Yes,calypso_soca higher
calypso_soca,rms_mean,Dynamics,0.275,0.18,1e-06,Yes,calypso_soca higher
calypso_soca,lufs_integrated,Dynamics,-12.326,-16.703,1e-06,Yes,calypso_soca higher
calypso_soca,spectral_bandwidth_mean,Timbre,2665.955,2181.466,2e-06,Yes,calypso_soca higher
calypso_soca,chroma_D#,—,0.519,0.348,1.3e-05,Yes,calypso_soca higher
calypso_soca,chroma_G#,—,0.535,0.374,1.4e-05,Yes,calypso_soca higher
calypso_soca,rms_mean,Dynamics,0.275,0.196,1.5e-05,Yes,calypso_soca higher
calypso_soca,chroma_A#,—,0.499,0.345,5.6e-05,Yes,calypso_soca higher
calypso_soca,mfcc_1_mean,—,-43.93,-102.712,6.5e-05,Yes,calypso_soca higher
calypso_soca,lufs_integrated,Dynamics,-12.326,-14.951,6.9e-05,Yes,calypso_soca higher
calypso_soca,mfcc_9_mean,—,-2.64,-7.963,0.000102,Yes,calypso_soca higher
calypso_soca,lufs_integrated,Dynamics,-12.326,-14.969,0.000163,Yes,calypso_soca higher
calypso_soca,chroma_G,—,0.557,0.405,0.000186,Yes,calypso_soca higher
calypso_soca,mfcc_1_mean,—,-43.93,-103.536,0.00019,Yes,calypso_soca higher
calypso_soca,textural_grain_mean,—,0.029,0.019,0.000357,Yes,calypso_soca higher
calypso_soca,rms_mean,Dynamics,0.275,0.207,0.000364,Yes,calypso_soca higher
calypso_soca,mfcc_1_mean,—,-43.93,-92.836,0.00073,Yes,calypso_soca higher
calypso_soca,chroma_C#,—,0.485,0.366,0.000737,Yes,calypso_soca higher
calypso_soca,spectral_centroid_mean,Timbre,2576.123,2215.509,0.001481,Yes,calypso_soca higher
calypso_soca,mfcc_11_mean,—,-0.742,-4.63,0.001788,Yes,calypso_soca higher
calypso_soca,spectral_flux_mean,—,1.817,1.563,0.008153,Yes,calypso_soca higher
calypso_soca,mfcc_2_mean,—,81.306,96.191,0.009743,Yes,highlife higher
calypso_soca,rms_std,—,0.091,0.067,0.010932,Yes,calypso_soca higher
calypso_soca,onsets_per_second,—,5.321,4.687,0.012264,Yes,calypso_soca higher
calypso_soca,mfcc_2_mean,—,81.306,95.37,0.016374,Yes,juju higher
calypso_soca,textural_grain_mean,—,0.029,0.02,0.017222,Yes,calypso_soca higher
calypso_soca,spectral_centroid_mean,Timbre,2576.123,2229.862,0.019503,Yes,calypso_soca higher
calypso_soca,rms_std,—,0.091,0.07,0.021689,Yes,calypso_soca higher
calypso_soca,spectral_bandwidth_mean,Timbre,2665.955,2464.323,0.027032,Yes,calypso_soca higher
calypso_soca,chroma_F#,—,0.523,0.423,0.038388,Yes,calypso_soca higher
calypso_soca,ssm_mean_affinity,—,0.018,0.02,0.039697,Yes,highlife higher
calypso_soca,chroma_G#,—,0.535,0.455,0.042484,Yes,calypso_soca higher
calypso_soca,mfcc_9_mean,—,-2.64,-6.133,0.050231,No,calypso_soca higher
calypso_soca,chroma_D#,—,0.519,0.415,0.057307,No,calypso_soca higher
calypso_soca,chroma_D,—,0.496,0.391,0.066443,No,calypso_soca higher
calypso_soca,textural_grain_mean,—,0.029,0.021,0.073349,No,calypso_soca higher
calypso_soca,chroma_E,—,0.536,0.428,0.076232,No,calypso_soca higher
calypso_soca,mfcc_12_mean,—,2.995,-0.162,0.087157,No,calypso_soca higher
calypso_soca,chroma_F,—,0.537,0.437,0.089252,No,calypso_soca higher
calypso_soca,mfcc_2_mean,—,81.306,91.258,0.106734,No,afrobeats higher
calypso_soca,ssm_mean_affinity,—,0.018,0.019,0.114452,No,afrobeats higher
calypso_soca,chroma_E,—,0.536,0.445,0.202144,No,calypso_soca higher
calypso_soca,ssm_mean_affinity,—,0.018,0.019,0.203926,No,kora higher
calypso_soca,spectral_bandwidth_mean,Timbre,2665.955,2479.043,0.219003,No,calypso_soca higher
calypso_soca,chroma_C,—,0.498,0.406,0.235429,No,calypso_soca higher
calypso_soca,mfcc_12_mean,—,2.995,0.261,0.252217,No,calypso_soca higher
calypso_soca,rms_std,—,0.091,0.108,0.253735,No,afrobeats higher
calypso_soca,lufs_integrated,Dynamics,-12.326,-13.813,0.278694,No,calypso_soca higher
calypso_soca,mfcc_11_mean,—,-0.742,-2.685,0.306074,No,calypso_soca higher
calypso_soca,spectral_centroid_mean,Timbre,2576.123,2336.712,0.328357,No,calypso_soca higher
calypso_soca,mfcc_11_mean,—,-0.742,-3.138,0.336073,No,calypso_soca higher
calypso_soca,rms_mean,Dynamics,0.275,0.237,0.517636,No,calypso_soca higher
calypso_soca,chroma_F#,—,0.523,0.454,0.614189,No,calypso_soca higher
calypso_soca,chroma_G,—,0.557,0.488,0.669878,No,calypso_soca higher
calypso_soca,chroma_D,—,0.496,0.548,0.726787,No,juju higher
calypso_soca,mean_beat_strength,—,6.177,6.889,0.848805,No,afrobeats higher
calypso_soca,mean_beat_strength,—,6.177,6.716,1.0,No,highlife higher
calypso_soca,mean_beat_strength,—,6.177,6.242,1.0,No,juju higher
calypso_soca,mean_beat_strength,—,6.177,5.345,1.0,No,calypso_soca higher
calypso_soca,rms_std,—,0.091,0.077,1.0,No,calypso_soca higher
calypso_soca,spectral_flux_mean,—,1.817,1.804,1.0,No,calypso_soca higher
calypso_soca,spectral_flux_mean,—,1.817,1.865,1.0,No,juju higher
calypso_soca,spectral_flux_mean,—,1.817,1.898,1.0,No,afrobeats higher
calypso_soca,onsets_per_second,—,5.321,5.369,1.0,No,highlife higher
calypso_soca,onsets_per_second,—,5.321,5.663,1.0,No,juju higher
calypso_soca,onsets_per_second,—,5.321,5.12,1.0,No,calypso_soca higher
calypso_soca,chroma_D#,—,0.519,0.54,1.0,No,juju higher
calypso_soca,chroma_D#,—,0.519,0.453,1.0,No,calypso_soca higher
calypso_soca,chroma_G#,—,0.535,0.527,1.0,No,calypso_soca higher
calypso_soca,chroma_G#,—,0.535,0.506,1.0,No,calypso_soca higher
calypso_soca,chroma_A#,—,0.499,0.483,1.0,No,calypso_soca higher
calypso_soca,chroma_A#,—,0.499,0.505,1.0,No,juju higher
calypso_soca,chroma_A#,—,0.499,0.436,1.0,No,calypso_soca higher
calypso_soca,mfcc_9_mean,—,-2.64,-4.049,1.0,No,calypso_soca higher
calypso_soca,mfcc_9_mean,—,-2.64,-5.027,1.0,No,calypso_soca higher
calypso_soca,chroma_G,—,0.557,0.535,1.0,No,calypso_soca higher
calypso_soca,chroma_G,—,0.557,0.56,1.0,No,afrobeats higher
calypso_soca,mean_ibi_sec,Duration,0.504,0.534,1.0,No,highlife higher
calypso_soca,mean_ibi_sec,Duration,0.504,0.498,1.0,No,calypso_soca higher
calypso_soca,mean_ibi_sec,Duration,0.504,0.506,1.0,No,kora higher
calypso_soca,mean_ibi_sec,Duration,0.504,0.527,1.0,No,afrobeats higher
calypso_soca,tempo_bpm,Tempo,121.83,114.17,1.0,No,calypso_soca higher
calypso_soca,tempo_bpm,Tempo,121.83,122.341,1.0,No,juju higher
calypso_soca,tempo_bpm,Tempo,121.83,123.678,1.0,No,kora higher
calypso_soca,tempo_bpm,Tempo,121.83,115.843,1.0,No,calypso_soca higher
calypso_soca,beat_count,Duration,58.893,54.467,1.0,No,calypso_soca higher
calypso_soca,beat_count,Duration,58.893,59.172,1.0,No,juju higher
calypso_soca,beat_count,Duration,58.893,59.767,1.0,No,kora higher
calypso_soca,beat_count,Duration,58.893,56.167,1.0,No,calypso_soca higher
calypso_soca,spectral_bandwidth_mean,Timbre,2665.955,2614.208,1.0,No,calypso_soca higher
calypso_soca,chroma_C#,—,0.485,0.435,1.0,No,calypso_soca higher
calypso_soca,chroma_C#,—,0.485,0.536,1.0,No,juju higher
calypso_soca,chroma_C#,—,0.485,0.476,1.0,No,calypso_soca higher
calypso_soca,mfcc_12_mean,—,2.995,1.225,1.0,No,calypso_soca higher
calypso_soca,mfcc_12_mean,—,2.995,2.099,1.0,No,calypso_soca higher
calypso_soca,dynamic_range_db,Dynamics,34.344,54.111,1.0,No,highlife higher
calypso_soca,dynamic_range_db,Dynamics,34.344,40.823,1.0,No,juju higher
calypso_soca,dynamic_range_db,Dynamics,34.344,39.1,1.0,No,kora higher
calypso_soca,dynamic_range_db,Dynamics,34.344,40.508,1.0,No,afrobeats higher
calypso_soca,chroma_F,—,0.537,0.482,1.0,No,calypso_soca higher
calypso_soca,chroma_F,—,0.537,0.474,1.0,No,calypso_soca higher
calypso_soca,chroma_F,—,0.537,0.519,1.0,No,calypso_soca higher
calypso_soca,ssm_mean_affinity,—,0.018,0.019,1.0,No,juju higher
calypso_soca,chroma_D,—,0.496,0.442,1.0,No,calypso_soca higher
calypso_soca,chroma_D,—,0.496,0.498,1.0,No,afrobeats higher
calypso_soca,ibi_std_sec,—,0.023,0.02,1.0,No,calypso_soca higher
calypso_soca,ibi_std_sec,—,0.023,0.018,1.0,No,calypso_soca higher
calypso_soca,ibi_std_sec,—,0.023,0.022,1.0,No,calypso_soca higher
calypso_soca,ibi_std_sec,—,0.023,0.027,1.0,No,afrobeats higher
calypso_soca,chroma_E,—,0.536,0.522,1.0,No,calypso_soca higher
calypso_soca,chroma_E,—,0.536,0.495,1.0,No,calypso_soca higher
calypso_soca,chroma_F#,—,0.523,0.505,1.0,No,calypso_soca higher
calypso_soca,chroma_F#,—,0.523,0.492,1.0,No,calypso_soca higher
calypso_soca,mfcc_11_mean,—,-0.742,-2.597,1.0,No,calypso_soca higher
calypso_soca,chroma_C,—,0.498,0.498,1.0,No,highlife higher
calypso_soca,chroma_C,—,0.498,0.558,1.0,No,juju higher
calypso_soca,chroma_C,—,0.498,0.479,1.0,No,calypso_soca higher
compas,spectral_flux_mean,—,1.581,1.898,1.1e-05,Yes,afrobeats higher
compas,rms_std,—,0.081,0.108,0.000105,Yes,afrobeats higher
compas,spectral_flux_mean,—,1.581,1.865,0.001025,Yes,juju higher
compas,chroma_D#,—,0.473,0.348,0.00147,Yes,compas higher
compas,mean_beat_strength,—,5.405,6.889,0.002016,Yes,afrobeats higher
compas,spectral_centroid_mean,Timbre,2308.33,1739.396,0.002951,Yes,compas higher
compas,mfcc_2_mean,—,90.555,116.355,0.005634,Yes,kora higher
compas,chroma_C#,—,0.478,0.366,0.007775,Yes,compas higher
compas,chroma_G#,—,0.499,0.374,0.009894,Yes,compas higher
compas,spectral_flux_mean,—,1.581,1.804,0.015062,Yes,highlife higher
compas,chroma_F#,—,0.524,0.423,0.040371,Yes,compas higher
compas,onsets_per_second,—,4.97,5.663,0.055372,No,juju higher
compas,chroma_D,—,0.498,0.391,0.057403,No,compas higher
compas,chroma_E,—,0.529,0.428,0.058728,No,compas higher
compas,spectral_bandwidth_mean,Timbre,2532.534,2181.466,0.06041,No,compas higher
compas,mean_beat_strength,—,5.405,6.716,0.09188,No,highlife higher
compas,chroma_A#,—,0.445,0.345,0.102604,No,compas higher
compas,chroma_G,—,0.509,0.405,0.117377,No,compas higher
compas,beat_count,Duration,61.754,54.467,0.120655,No,compas higher
compas,chroma_E,—,0.529,0.445,0.15299,No,compas higher
compas,mfcc_11_mean,—,-1.635,-4.63,0.183072,No,compas higher
compas,textural_grain_mean,—,0.019,0.011,0.224438,No,compas higher
compas,mean_ibi_sec,Duration,0.486,0.534,0.242097,No,highlife higher
compas,mfcc_1_mean,—,-87.029,-150.382,0.258257,No,compas higher
compas,tempo_bpm,Tempo,127.279,114.17,0.2838,No,compas higher
compas,ibi_std_sec,—,0.02,0.027,0.288893,No,afrobeats higher
compas,chroma_F,—,0.51,0.437,0.481099,No,compas higher
compas,mean_beat_strength,—,5.405,6.242,0.552277,No,juju higher
compas,chroma_F#,—,0.524,0.454,0.576591,No,compas higher
compas,onsets_per_second,—,4.97,5.369,0.638641,No,highlife higher
compas,mean_ibi_sec,Duration,0.486,0.527,0.66479,No,afrobeats higher
compas,chroma_C#,—,0.478,0.536,0.787242,No,juju higher
compas,tempo_bpm,Tempo,127.279,115.843,0.788831,No,compas higher
compas,chroma_C,—,0.489,0.406,0.797766,No,compas higher
compas,chroma_D#,—,0.473,0.415,0.838837,No,compas higher
compas,beat_count,Duration,61.754,56.167,0.882216,No,compas higher
compas,mean_beat_strength,—,5.405,5.345,1.0,No,compas higher
compas,rms_mean,Dynamics,0.209,0.196,1.0,No,compas higher
compas,rms_mean,Dynamics,0.209,0.207,1.0,No,compas higher
compas,rms_mean,Dynamics,0.209,0.18,1.0,No,compas higher
compas,rms_mean,Dynamics,0.209,0.237,1.0,No,afrobeats higher
compas,rms_std,—,0.081,0.07,1.0,No,compas higher
compas,rms_std,—,0.081,0.077,1.0,No,compas higher
compas,rms_std,—,0.081,0.067,1.0,No,compas higher
compas,lufs_integrated,Dynamics,-14.955,-14.951,1.0,No,highlife higher
compas,lufs_integrated,Dynamics,-14.955,-14.969,1.0,No,compas higher
compas,lufs_integrated,Dynamics,-14.955,-16.703,1.0,No,compas higher
compas,lufs_integrated,Dynamics,-14.955,-13.813,1.0,No,afrobeats higher
compas,spectral_centroid_mean,Timbre,2308.33,2215.509,1.0,No,compas higher
compas,spectral_centroid_mean,Timbre,2308.33,2229.862,1.0,No,compas higher
compas,spectral_centroid_mean,Timbre,2308.33,2336.712,1.0,No,afrobeats higher
compas,spectral_flux_mean,—,1.581,1.563,1.0,No,compas higher
compas,mfcc_1_mean,—,-87.029,-102.712,1.0,No,compas higher
compas,mfcc_1_mean,—,-87.029,-103.536,1.0,No,compas higher
compas,mfcc_1_mean,—,-87.029,-92.836,1.0,No,compas higher
compas,mfcc_2_mean,—,90.555,96.191,1.0,No,highlife higher
compas,mfcc_2_mean,—,90.555,95.37,1.0,No,juju higher
compas,mfcc_2_mean,—,90.555,91.258,1.0,No,afrobeats higher
compas,onsets_per_second,—,4.97,5.12,1.0,No,kora higher
compas,onsets_per_second,—,4.97,4.687,1.0,No,compas higher
compas,textural_grain_mean,—,0.019,0.019,1.0,No,highlife higher
compas,textural_grain_mean,—,0.019,0.02,1.0,No,juju higher
compas,textural_grain_mean,—,0.019,0.021,1.0,No,afrobeats higher
compas,chroma_D#,—,0.473,0.54,1.0,No,juju higher
compas,chroma_D#,—,0.473,0.453,1.0,No,compas higher
compas,chroma_G#,—,0.499,0.455,1.0,No,compas higher
compas,chroma_G#,—,0.499,0.527,1.0,No,juju higher
compas,chroma_G#,—,0.499,0.506,1.0,No,afrobeats higher
compas,chroma_A#,—,0.445,0.483,1.0,No,highlife higher
compas,chroma_A#,—,0.445,0.505,1.0,No,juju higher
compas,chroma_A#,—,0.445,0.436,1.0,No,compas higher
compas,mfcc_9_mean,—,-5.925,-6.133,1.0,No,compas higher
compas,mfcc_9_mean,—,-5.925,-4.049,1.0,No,juju higher
compas,mfcc_9_mean,—,-5.925,-5.027,1.0,No,kora higher
compas,mfcc_9_mean,—,-5.925,-7.963,1.0,No,compas higher
compas,chroma_G,—,0.509,0.488,1.0,No,compas higher
compas,chroma_G,—,0.509,0.535,1.0,No,juju higher
compas,chroma_G,—,0.509,0.56,1.0,No,afrobeats higher
compas,mean_ibi_sec,Duration,0.486,0.498,1.0,No,juju higher
compas,mean_ibi_sec,Duration,0.486,0.506,1.0,No,kora higher
compas,tempo_bpm,Tempo,127.279,122.341,1.0,No,compas higher
compas,tempo_bpm,Tempo,127.279,123.678,1.0,No,compas higher
compas,beat_count,Duration,61.754,59.172,1.0,No,compas higher
compas,beat_count,Duration,61.754,59.767,1.0,No,compas higher
compas,spectral_bandwidth_mean,Timbre,2532.534,2464.323,1.0,No,compas higher
compas,spectral_bandwidth_mean,Timbre,2532.534,2479.043,1.0,No,compas higher
compas,spectral_bandwidth_mean,Timbre,2532.534,2614.208,1.0,No,afrobeats higher
compas,chroma_C#,—,0.478,0.435,1.0,No,compas higher
compas,chroma_C#,—,0.478,0.476,1.0,No,compas higher
compas,mfcc_12_mean,—,1.783,1.225,1.0,No,compas higher
compas,mfcc_12_mean,—,1.783,2.099,1.0,No,juju higher
compas,mfcc_12_mean,—,1.783,-0.162,1.0,No,compas higher
compas,mfcc_12_mean,—,1.783,0.261,1.0,No,compas higher
compas,dynamic_range_db,Dynamics,35.86,54.111,1.0,No,highlife higher
compas,dynamic_range_db,Dynamics,35.86,40.823,1.0,No,juju higher
compas,dynamic_range_db,Dynamics,35.86,39.1,1.0,No,kora higher
compas,dynamic_range_db,Dynamics,35.86,40.508,1.0,No,afrobeats higher
compas,chroma_F,—,0.51,0.482,1.0,No,compas higher
compas,chroma_F,—,0.51,0.474,1.0,No,compas higher
compas,chroma_F,—,0.51,0.519,1.0,No,afrobeats higher
compas,ssm_mean_affinity,—,0.02,0.02,1.0,No,compas higher
compas,ssm_mean_affinity,—,0.02,0.019,1.0,No,compas higher
compas,ssm_mean_affinity,—,0.02,0.019,1.0,No,compas higher
compas,ssm_mean_affinity,—,0.02,0.019,1.0,No,compas higher
compas,chroma_D,—,0.498,0.442,1.0,No,compas higher
compas,chroma_D,—,0.498,0.548,1.0,No,juju higher
compas,chroma_D,—,0.498,0.498,1.0,No,compas higher
compas,ibi_std_sec,—,0.02,0.02,1.0,No,highlife higher
compas,ibi_std_sec,—,0.02,0.018,1.0,No,compas higher
compas,ibi_std_sec,—,0.02,0.022,1.0,No,kora higher
compas,chroma_E,—,0.529,0.522,1.0,No,compas higher
compas,chroma_E,—,0.529,0.495,1.0,No,compas higher
compas,chroma_F#,—,0.524,0.505,1.0,No,compas higher
compas,chroma_F#,—,0.524,0.492,1.0,No,compas higher
compas,mfcc_11_mean,—,-1.635,-2.597,1.0,No,compas higher
compas,mfcc_11_mean,—,-1.635,-3.138,1.0,No,compas higher
compas,mfcc_11_mean,—,-1.635,-2.685,1.0,No,compas higher
compas,chroma_C,—,0.489,0.498,1.0,No,highlife higher
compas,chroma_C,—,0.489,0.558,1.0,No,juju higher
compas,chroma_C,—,0.489,0.479,1.0,No,compas higher
reggae_dancehall,mfcc_2_mean,—,81.474,116.355,0.0,Yes,kora higher
reggae_dancehall,mean_beat_strength,—,7.881,5.345,1e-06,Yes,reggae_dancehall higher
reggae_dancehall,spectral_centroid_mean,Timbre,2458.036,1739.396,1e-06,Yes,reggae_dancehall higher
reggae_dancehall,onsets_per_second,—,4.51,5.663,1e-06,Yes,juju higher
reggae_dancehall,textural_grain_mean,—,0.023,0.011,6e-06,Yes,reggae_dancehall higher
reggae_dancehall,spectral_flux_mean,—,1.892,1.563,2.2e-05,Yes,reggae_dancehall higher
reggae_dancehall,onsets_per_second,—,4.51,5.369,0.000104,Yes,highlife higher
reggae_dancehall,mfcc_9_mean,—,-2.501,-7.963,0.000126,Yes,reggae_dancehall higher
reggae_dancehall,mean_ibi_sec,Duration,0.464,0.534,0.00019,Yes,highlife higher
reggae_dancehall,beat_count,Duration,65.027,54.467,0.000248,Yes,reggae_dancehall higher
reggae_dancehall,chroma_D#,—,0.41,0.54,0.000325,Yes,juju higher
reggae_dancehall,tempo_bpm,Tempo,134.429,114.17,0.000325,Yes,reggae_dancehall higher
reggae_dancehall,mean_ibi_sec,Duration,0.464,0.527,0.001064,Yes,afrobeats higher
reggae_dancehall,ibi_std_sec,—,0.017,0.027,0.001176,Yes,afrobeats higher
reggae_dancehall,mfcc_12_mean,—,3.94,-0.162,0.001428,Yes,reggae_dancehall higher
reggae_dancehall,tempo_bpm,Tempo,134.429,115.843,0.001834,Yes,reggae_dancehall higher
reggae_dancehall,spectral_bandwidth_mean,Timbre,2593.223,2181.466,0.00382,Yes,reggae_dancehall higher
reggae_dancehall,beat_count,Duration,65.027,56.167,0.005837,Yes,reggae_dancehall higher
reggae_dancehall,mfcc_12_mean,—,3.94,0.261,0.005888,Yes,reggae_dancehall higher
reggae_dancehall,chroma_C#,—,0.44,0.536,0.007476,Yes,juju higher
reggae_dancehall,chroma_C,—,0.455,0.558,0.023461,Yes,juju higher
reggae_dancehall,chroma_D,—,0.46,0.548,0.024349,Yes,juju higher
reggae_dancehall,dynamic_range_db,Dynamics,46.261,39.1,0.029443,Yes,reggae_dancehall higher
reggae_dancehall,rms_std,—,0.088,0.108,0.032754,Yes,afrobeats higher
reggae_dancehall,mfcc_9_mean,—,-2.501,-6.133,0.05816,No,reggae_dancehall higher
reggae_dancehall,mfcc_2_mean,—,81.474,96.191,0.061993,No,highlife higher
reggae_dancehall,mfcc_12_mean,—,3.94,1.225,0.062054,No,reggae_dancehall higher
reggae_dancehall,mean_beat_strength,—,7.881,6.242,0.072825,No,reggae_dancehall higher
reggae_dancehall,mfcc_2_mean,—,81.474,95.37,0.095509,No,juju higher
reggae_dancehall,mfcc_11_mean,—,-1.569,-4.63,0.096177,No,reggae_dancehall higher
reggae_dancehall,chroma_G#,—,0.454,0.527,0.100511,No,juju higher
reggae_dancehall,rms_std,—,0.088,0.067,0.101188,No,reggae_dancehall higher
reggae_dancehall,onsets_per_second,—,4.51,5.12,0.109757,No,kora higher
reggae_dancehall,ibi_std_sec,—,0.017,0.022,0.118115,No,kora higher
reggae_dancehall,dynamic_range_db,Dynamics,46.261,40.823,0.150531,No,reggae_dancehall higher
reggae_dancehall,chroma_A#,—,0.431,0.505,0.172225,No,juju higher
reggae_dancehall,rms_std,—,0.088,0.07,0.1799,No,reggae_dancehall higher
reggae_dancehall,spectral_centroid_mean,Timbre,2458.036,2215.509,0.196017,No,reggae_dancehall higher
reggae_dancehall,textural_grain_mean,—,0.023,0.019,0.288299,No,reggae_dancehall higher
reggae_dancehall,mean_beat_strength,—,7.881,6.716,0.411033,No,reggae_dancehall higher
reggae_dancehall,chroma_G,—,0.495,0.405,0.413711,No,reggae_dancehall higher
reggae_dancehall,chroma_C#,—,0.44,0.366,0.429753,No,reggae_dancehall higher
reggae_dancehall,tempo_bpm,Tempo,134.429,122.341,0.438303,No,reggae_dancehall higher
reggae_dancehall,chroma_E,—,0.457,0.522,0.452925,No,juju higher
reggae_dancehall,mfcc_2_mean,—,81.474,91.258,0.489324,No,afrobeats higher
reggae_dancehall,mean_ibi_sec,Duration,0.464,0.498,0.497502,No,juju higher
reggae_dancehall,chroma_F,—,0.45,0.519,0.606639,No,afrobeats higher
reggae_dancehall,mfcc_1_mean,—,-97.085,-150.382,0.641262,No,reggae_dancehall higher
reggae_dancehall,beat_count,Duration,65.027,59.172,0.680152,No,reggae_dancehall higher
reggae_dancehall,chroma_A#,—,0.431,0.483,0.787417,No,highlife higher
reggae_dancehall,chroma_A#,—,0.431,0.345,0.791545,No,reggae_dancehall higher
reggae_dancehall,dynamic_range_db,Dynamics,46.261,54.111,0.841925,No,highlife higher
reggae_dancehall,dynamic_range_db,Dynamics,46.261,40.508,0.926368,No,reggae_dancehall higher
reggae_dancehall,mfcc_12_mean,—,3.94,2.099,0.959951,No,reggae_dancehall higher
reggae_dancehall,mean_beat_strength,—,7.881,6.889,1.0,No,reggae_dancehall higher
reggae_dancehall,rms_mean,Dynamics,0.215,0.196,1.0,No,reggae_dancehall higher
reggae_dancehall,rms_mean,Dynamics,0.215,0.207,1.0,No,reggae_dancehall higher
reggae_dancehall,rms_mean,Dynamics,0.215,0.18,1.0,No,reggae_dancehall higher
reggae_dancehall,rms_mean,Dynamics,0.215,0.237,1.0,No,afrobeats higher
reggae_dancehall,rms_std,—,0.088,0.077,1.0,No,reggae_dancehall higher
reggae_dancehall,lufs_integrated,Dynamics,-14.405,-14.951,1.0,No,reggae_dancehall higher
reggae_dancehall,lufs_integrated,Dynamics,-14.405,-14.969,1.0,No,reggae_dancehall higher
reggae_dancehall,lufs_integrated,Dynamics,-14.405,-16.703,1.0,No,reggae_dancehall higher
reggae_dancehall,lufs_integrated,Dynamics,-14.405,-13.813,1.0,No,afrobeats higher
reggae_dancehall,spectral_centroid_mean,Timbre,2458.036,2229.862,1.0,No,reggae_dancehall higher
reggae_dancehall,spectral_centroid_mean,Timbre,2458.036,2336.712,1.0,No,reggae_dancehall higher
reggae_dancehall,spectral_flux_mean,—,1.892,1.804,1.0,No,reggae_dancehall higher
reggae_dancehall,spectral_flux_mean,—,1.892,1.865,1.0,No,reggae_dancehall higher
reggae_dancehall,spectral_flux_mean,—,1.892,1.898,1.0,No,afrobeats higher
reggae_dancehall,mfcc_1_mean,—,-97.085,-102.712,1.0,No,reggae_dancehall higher
reggae_dancehall,mfcc_1_mean,—,-97.085,-103.536,1.0,No,reggae_dancehall higher
reggae_dancehall,mfcc_1_mean,—,-97.085,-92.836,1.0,No,afrobeats higher
reggae_dancehall,onsets_per_second,—,4.51,4.687,1.0,No,afrobeats higher
reggae_dancehall,textural_grain_mean,—,0.023,0.02,1.0,No,reggae_dancehall higher
reggae_dancehall,textural_grain_mean,—,0.023,0.021,1.0,No,reggae_dancehall higher
reggae_dancehall,chroma_D#,—,0.41,0.415,1.0,No,highlife higher
reggae_dancehall,chroma_D#,—,0.41,0.348,1.0,No,reggae_dancehall higher
reggae_dancehall,chroma_D#,—,0.41,0.453,1.0,No,afrobeats higher
reggae_dancehall,chroma_G#,—,0.454,0.455,1.0,No,highlife higher
reggae_dancehall,chroma_G#,—,0.454,0.374,1.0,No,reggae_dancehall higher
reggae_dancehall,chroma_G#,—,0.454,0.506,1.0,No,afrobeats higher
reggae_dancehall,chroma_A#,—,0.431,0.436,1.0,No,afrobeats higher
reggae_dancehall,mfcc_9_mean,—,-2.501,-4.049,1.0,No,reggae_dancehall higher
reggae_dancehall,mfcc_9_mean,—,-2.501,-5.027,1.0,No,reggae_dancehall higher
reggae_dancehall,chroma_G,—,0.495,0.488,1.0,No,reggae_dancehall higher
reggae_dancehall,chroma_G,—,0.495,0.535,1.0,No,juju higher
reggae_dancehall,chroma_G,—,0.495,0.56,1.0,No,afrobeats higher
reggae_dancehall,mean_ibi_sec,Duration,0.464,0.506,1.0,No,kora higher
reggae_dancehall,tempo_bpm,Tempo,134.429,123.678,1.0,No,reggae_dancehall higher
reggae_dancehall,beat_count,Duration,65.027,59.767,1.0,No,reggae_dancehall higher
reggae_dancehall,spectral_bandwidth_mean,Timbre,2593.223,2464.323,1.0,No,reggae_dancehall higher
reggae_dancehall,spectral_bandwidth_mean,Timbre,2593.223,2479.043,1.0,No,reggae_dancehall higher
reggae_dancehall,spectral_bandwidth_mean,Timbre,2593.223,2614.208,1.0,No,afrobeats higher
reggae_dancehall,chroma_C#,—,0.44,0.435,1.0,No,reggae_dancehall higher
reggae_dancehall,chroma_C#,—,0.44,0.476,1.0,No,afrobeats higher
reggae_dancehall,chroma_F,—,0.45,0.482,1.0,No,highlife higher
reggae_dancehall,chroma_F,—,0.45,0.474,1.0,No,juju higher
reggae_dancehall,chroma_F,—,0.45,0.437,1.0,No,reggae_dancehall higher
reggae_dancehall,ssm_mean_affinity,—,0.019,0.02,1.0,No,highlife higher
reggae_dancehall,ssm_mean_affinity,—,0.019,0.019,1.0,No,reggae_dancehall higher
reggae_dancehall,ssm_mean_affinity,—,0.019,0.019,1.0,No,reggae_dancehall higher
reggae_dancehall,ssm_mean_affinity,—,0.019,0.019,1.0,No,afrobeats higher
reggae_dancehall,chroma_D,—,0.46,0.442,1.0,No,reggae_dancehall higher
reggae_dancehall,chroma_D,—,0.46,0.391,1.0,No,reggae_dancehall higher
reggae_dancehall,chroma_D,—,0.46,0.498,1.0,No,afrobeats higher
reggae_dancehall,ibi_std_sec,—,0.017,0.02,1.0,No,highlife higher
reggae_dancehall,ibi_std_sec,—,0.017,0.018,1.0,No,juju higher
reggae_dancehall,chroma_E,—,0.457,0.445,1.0,No,reggae_dancehall higher
reggae_dancehall,chroma_E,—,0.457,0.428,1.0,No,reggae_dancehall higher
reggae_dancehall,chroma_E,—,0.457,0.495,1.0,No,afrobeats higher
reggae_dancehall,chroma_F#,—,0.461,0.454,1.0,No,reggae_dancehall higher
reggae_dancehall,chroma_F#,—,0.461,0.505,1.0,No,juju higher
reggae_dancehall,chroma_F#,—,0.461,0.423,1.0,No,reggae_dancehall higher
reggae_dancehall,chroma_F#,—,0.461,0.492,1.0,No,afrobeats higher
reggae_dancehall,mfcc_11_mean,—,-1.569,-2.597,1.0,No,reggae_dancehall higher
reggae_dancehall,mfcc_11_mean,—,-1.569,-3.138,1.0,No,reggae_dancehall higher
reggae_dancehall,mfcc_11_mean,—,-1.569,-2.685,1.0,No,reggae_dancehall higher
reggae_dancehall,chroma_C,—,0.455,0.498,1.0,No,highlife higher
reggae_dancehall,chroma_C,—,0.455,0.406,1.0,No,reggae_dancehall higher
reggae_dancehall,chroma_C,—,0.455,0.479,1.0,No,afrobeats higher
zouk,chroma_A#,—,0.546,0.345,0.0,Yes,zouk higher
zouk,chroma_G,—,0.591,0.405,3.1e-05,Yes,zouk higher
zouk,spectral_centroid_mean,Timbre,2423.499,1739.396,0.000161,Yes,zouk higher
zouk,mfcc_2_mean,—,86.521,116.355,0.000385,Yes,kora higher
zouk,chroma_G#,—,0.521,0.374,0.000914,Yes,zouk higher
zouk,textural_grain_mean,—,0.023,0.011,0.001256,Yes,zouk higher
zouk,chroma_D#,—,0.477,0.348,0.001816,Yes,zouk higher
zouk,spectral_bandwidth_mean,Timbre,2642.2,2181.466,0.003536,Yes,zouk higher
zouk,chroma_F,—,0.561,0.437,0.005116,Yes,zouk higher
zouk,mfcc_9_mean,—,-3.397,-7.963,0.008454,Yes,zouk higher
zouk,chroma_A#,—,0.546,0.436,0.008533,Yes,zouk higher
zouk,chroma_F#,—,0.544,0.423,0.011049,Yes,zouk higher
zouk,chroma_C,—,0.525,0.406,0.02108,Yes,zouk higher
zouk,rms_std,—,0.083,0.108,0.025583,Yes,afrobeats higher
zouk,chroma_C#,—,0.46,0.366,0.030629,Yes,zouk higher
zouk,chroma_D,—,0.496,0.391,0.042419,Yes,zouk higher
zouk,chroma_G,—,0.591,0.488,0.109641,No,zouk higher
zouk,chroma_F#,—,0.544,0.454,0.172314,No,zouk higher
zouk,onsets_per_second,—,4.992,5.663,0.223433,No,juju higher
zouk,spectral_flux_mean,—,1.748,1.898,0.291661,No,afrobeats higher
zouk,chroma_G#,—,0.521,0.455,0.334785,No,zouk higher
zouk,mfcc_1_mean,—,-86.445,-150.382,0.360846,No,zouk higher
zouk,chroma_F,—,0.561,0.474,0.480644,No,zouk higher
zouk,mfcc_9_mean,—,-3.397,-6.133,0.632651,No,zouk higher
zouk,chroma_D#,—,0.477,0.415,0.659889,No,zouk higher
zouk,chroma_F,—,0.561,0.482,0.684369,No,zouk higher
zouk,chroma_E,—,0.51,0.428,0.699185,No,zouk higher
zouk,rms_std,—,0.083,0.067,0.930316,No,zouk higher
zouk,chroma_C#,—,0.46,0.536,0.946534,No,juju higher
zouk,mean_beat_strength,—,6.371,6.716,1.0,No,highlife higher
zouk,mean_beat_strength,—,6.371,6.242,1.0,No,zouk higher
zouk,mean_beat_strength,—,6.371,5.345,1.0,No,zouk higher
zouk,mean_beat_strength,—,6.371,6.889,1.0,No,afrobeats higher
zouk,rms_mean,Dynamics,0.212,0.196,1.0,No,zouk higher
zouk,rms_mean,Dynamics,0.212,0.207,1.0,No,zouk higher
zouk,rms_mean,Dynamics,0.212,0.18,1.0,No,zouk higher
zouk,rms_mean,Dynamics,0.212,0.237,1.0,No,afrobeats higher
zouk,rms_std,—,0.083,0.07,1.0,No,zouk higher
zouk,rms_std,—,0.083,0.077,1.0,No,zouk higher
zouk,lufs_integrated,Dynamics,-14.6,-14.951,1.0,No,zouk higher
zouk,lufs_integrated,Dynamics,-14.6,-14.969,1.0,No,zouk higher
zouk,lufs_integrated,Dynamics,-14.6,-16.703,1.0,No,zouk higher
zouk,lufs_integrated,Dynamics,-14.6,-13.813,1.0,No,afrobeats higher
zouk,spectral_centroid_mean,Timbre,2423.499,2215.509,1.0,No,zouk higher
zouk,spectral_centroid_mean,Timbre,2423.499,2229.862,1.0,No,zouk higher
zouk,spectral_centroid_mean,Timbre,2423.499,2336.712,1.0,No,zouk higher
zouk,spectral_flux_mean,—,1.748,1.804,1.0,No,highlife higher
zouk,spectral_flux_mean,—,1.748,1.865,1.0,No,juju higher
zouk,spectral_flux_mean,—,1.748,1.563,1.0,No,zouk higher
zouk,mfcc_1_mean,—,-86.445,-102.712,1.0,No,zouk higher
zouk,mfcc_1_mean,—,-86.445,-103.536,1.0,No,zouk higher
zouk,mfcc_1_mean,—,-86.445,-92.836,1.0,No,zouk higher
zouk,mfcc_2_mean,—,86.521,96.191,1.0,No,highlife higher
zouk,mfcc_2_mean,—,86.521,95.37,1.0,No,juju higher
zouk,mfcc_2_mean,—,86.521,91.258,1.0,No,afrobeats higher
zouk,onsets_per_second,—,4.992,5.369,1.0,No,highlife higher
zouk,onsets_per_second,—,4.992,5.12,1.0,No,kora higher
zouk,onsets_per_second,—,4.992,4.687,1.0,No,zouk higher
zouk,textural_grain_mean,—,0.023,0.019,1.0,No,zouk higher
zouk,textural_grain_mean,—,0.023,0.02,1.0,No,zouk higher
zouk,textural_grain_mean,—,0.023,0.021,1.0,No,zouk higher
zouk,chroma_D#,—,0.477,0.54,1.0,No,juju higher
zouk,chroma_D#,—,0.477,0.453,1.0,No,zouk higher
zouk,chroma_G#,—,0.521,0.527,1.0,No,juju higher
zouk,chroma_G#,—,0.521,0.506,1.0,No,zouk higher
zouk,chroma_A#,—,0.546,0.483,1.0,No,zouk higher
zouk,chroma_A#,—,0.546,0.505,1.0,No,zouk higher
zouk,mfcc_9_mean,—,-3.397,-4.049,1.0,No,zouk higher
zouk,mfcc_9_mean,—,-3.397,-5.027,1.0,No,zouk higher
zouk,chroma_G,—,0.591,0.535,1.0,No,zouk higher
zouk,chroma_G,—,0.591,0.56,1.0,No,zouk higher
zouk,mean_ibi_sec,Duration,0.542,0.534,1.0,No,zouk higher
zouk,mean_ibi_sec,Duration,0.542,0.498,1.0,No,zouk higher
zouk,mean_ibi_sec,Duration,0.542,0.506,1.0,No,zouk higher
zouk,mean_ibi_sec,Duration,0.542,0.527,1.0,No,zouk higher
zouk,tempo_bpm,Tempo,113.945,114.17,1.0,No,highlife higher
zouk,tempo_bpm,Tempo,113.945,122.341,1.0,No,juju higher
zouk,tempo_bpm,Tempo,113.945,123.678,1.0,No,kora higher
zouk,tempo_bpm,Tempo,113.945,115.843,1.0,No,afrobeats higher
zouk,beat_count,Duration,54.842,54.467,1.0,No,zouk higher
zouk,beat_count,Duration,54.842,59.172,1.0,No,juju higher
zouk,beat_count,Duration,54.842,59.767,1.0,No,kora higher
zouk,beat_count,Duration,54.842,56.167,1.0,No,afrobeats higher
zouk,spectral_bandwidth_mean,Timbre,2642.2,2464.323,1.0,No,zouk higher
zouk,spectral_bandwidth_mean,Timbre,2642.2,2479.043,1.0,No,zouk higher
zouk,spectral_bandwidth_mean,Timbre,2642.2,2614.208,1.0,No,zouk higher
zouk,chroma_C#,—,0.46,0.435,1.0,No,zouk higher
zouk,chroma_C#,—,0.46,0.476,1.0,No,afrobeats higher
zouk,mfcc_12_mean,—,0.918,1.225,1.0,No,highlife higher
zouk,mfcc_12_mean,—,0.918,2.099,1.0,No,juju higher
zouk,mfcc_12_mean,—,0.918,-0.162,1.0,No,zouk higher
zouk,mfcc_12_mean,—,0.918,0.261,1.0,No,zouk higher
zouk,dynamic_range_db,Dynamics,32.881,54.111,1.0,No,highlife higher
zouk,dynamic_range_db,Dynamics,32.881,40.823,1.0,No,juju higher
zouk,dynamic_range_db,Dynamics,32.881,39.1,1.0,No,kora higher
zouk,dynamic_range_db,Dynamics,32.881,40.508,1.0,No,afrobeats higher
zouk,chroma_F,—,0.561,0.519,1.0,No,zouk higher
zouk,ssm_mean_affinity,—,0.019,0.02,1.0,No,highlife higher
zouk,ssm_mean_affinity,—,0.019,0.019,1.0,No,zouk higher
zouk,ssm_mean_affinity,—,0.019,0.019,1.0,No,zouk higher
zouk,ssm_mean_affinity,—,0.019,0.019,1.0,No,afrobeats higher
zouk,chroma_D,—,0.496,0.442,1.0,No,zouk higher
zouk,chroma_D,—,0.496,0.548,1.0,No,juju higher
zouk,chroma_D,—,0.496,0.498,1.0,No,afrobeats higher
zouk,ibi_std_sec,—,0.022,0.02,1.0,No,zouk higher
zouk,ibi_std_sec,—,0.022,0.018,1.0,No,zouk higher
zouk,ibi_std_sec,—,0.022,0.022,1.0,No,kora higher
zouk,ibi_std_sec,—,0.022,0.027,1.0,No,afrobeats higher
zouk,chroma_E,—,0.51,0.445,1.0,No,zouk higher
zouk,chroma_E,—,0.51,0.522,1.0,No,juju higher
zouk,chroma_E,—,0.51,0.495,1.0,No,zouk higher
zouk,chroma_F#,—,0.544,0.505,1.0,No,zouk higher
zouk,chroma_F#,—,0.544,0.492,1.0,No,zouk higher
zouk,mfcc_11_mean,—,-3.51,-2.597,1.0,No,highlife higher
zouk,mfcc_11_mean,—,-3.51,-3.138,1.0,No,juju higher
zouk,mfcc_11_mean,—,-3.51,-4.63,1.0,No,zouk higher
zouk,mfcc_11_mean,—,-3.51,-2.685,1.0,No,afrobeats higher
zouk,chroma_C,—,0.525,0.498,1.0,No,zouk higher
zouk,chroma_C,—,0.525,0.558,1.0,No,juju higher
zouk,chroma_C,—,0.525,0.479,1.0,No,zouk higher
